Copyright 1986-2020 Xilinx, Inc. All Rights Reserved.
--------------------------------------------------------------------------------------------------------------------------------------------------------------------------------------------------------------------------------
| Tool Version : Vivado v.2020.2 (lin64) Build 3064766 Wed Nov 18 09:12:47 MST 2020
| Date         : Wed Mar 18 17:15:59 2026
| Host         : luca-ASUS-TUF-Gaming-A16-FA607PI-FA607PI running 64-bit Ubuntu 25.10
| Command      : report_timing_summary -max_paths 10 -file linear_interpolator_timing_summary_routed.rpt -pb linear_interpolator_timing_summary_routed.pb -rpx linear_interpolator_timing_summary_routed.rpx -warn_on_violation
| Design       : linear_interpolator
| Device       : 7z010-clg400
| Speed File   : -1  PRODUCTION 1.12 2019-11-22
--------------------------------------------------------------------------------------------------------------------------------------------------------------------------------------------------------------------------------

Timing Summary Report

------------------------------------------------------------------------------------------------
| Timer Settings
| --------------
------------------------------------------------------------------------------------------------

  Enable Multi Corner Analysis               :  Yes
  Enable Pessimism Removal                   :  Yes
  Pessimism Removal Resolution               :  Nearest Common Node
  Enable Input Delay Default Clock           :  No
  Enable Preset / Clear Arcs                 :  No
  Disable Flight Delays                      :  No
  Ignore I/O Paths                           :  No
  Timing Early Launch at Borrowing Latches   :  No
  Borrow Time for Max Delay Exceptions       :  Yes
  Merge Timing Exceptions                    :  Yes

  Corner  Analyze    Analyze    
  Name    Max Paths  Min Paths  
  ------  ---------  ---------  
  Slow    Yes        Yes        
  Fast    Yes        Yes        



check_timing report

Table of Contents
-----------------
1. checking no_clock (0)
2. checking constant_clock (0)
3. checking pulse_width_clock (0)
4. checking unconstrained_internal_endpoints (0)
5. checking no_input_delay (17)
6. checking no_output_delay (16)
7. checking multiple_clock (0)
8. checking generated_clocks (0)
9. checking loops (0)
10. checking partial_input_delay (0)
11. checking partial_output_delay (0)
12. checking latch_loops (0)

1. checking no_clock (0)
------------------------
 There are 0 register/latch pins with no clock.


2. checking constant_clock (0)
------------------------------
 There are 0 register/latch pins with constant_clock.


3. checking pulse_width_clock (0)
---------------------------------
 There are 0 register/latch pins which need pulse_width check


4. checking unconstrained_internal_endpoints (0)
------------------------------------------------
 There are 0 pins that are not constrained for maximum delay.

 There are 0 pins that are not constrained for maximum delay due to constant clock.


5. checking no_input_delay (17)
-------------------------------
 There are 17 input ports with no input delay specified. (HIGH)

 There are 0 input ports with no input delay but user has a false path constraint.


6. checking no_output_delay (16)
--------------------------------
 There are 16 ports with no output delay specified. (HIGH)

 There are 0 ports with no output delay but user has a false path constraint

 There are 0 ports with no output delay but with a timing clock defined on it or propagating through it


7. checking multiple_clock (0)
------------------------------
 There are 0 register/latch pins with multiple clocks.


8. checking generated_clocks (0)
--------------------------------
 There are 0 generated clocks that are not connected to a clock source.


9. checking loops (0)
---------------------
 There are 0 combinational loops in the design.


10. checking partial_input_delay (0)
------------------------------------
 There are 0 input ports with partial input delay specified.


11. checking partial_output_delay (0)
-------------------------------------
 There are 0 ports with partial output delay specified.


12. checking latch_loops (0)
----------------------------
 There are 0 combinational latch loops in the design through latch input



------------------------------------------------------------------------------------------------
| Design Timing Summary
| ---------------------
------------------------------------------------------------------------------------------------

    WNS(ns)      TNS(ns)  TNS Failing Endpoints  TNS Total Endpoints      WHS(ns)      THS(ns)  THS Failing Endpoints  THS Total Endpoints     WPWS(ns)     TPWS(ns)  TPWS Failing Endpoints  TPWS Total Endpoints  
    -------      -------  ---------------------  -------------------      -------      -------  ---------------------  -------------------     --------     --------  ----------------------  --------------------  
      2.819        0.000                      0                   66        0.181        0.000                      0                   66        4.500        0.000                       0                    51  


All user specified timing constraints are met.


------------------------------------------------------------------------------------------------
| Clock Summary
| -------------
------------------------------------------------------------------------------------------------

Clock  Waveform(ns)       Period(ns)      Frequency(MHz)
-----  ------------       ----------      --------------
clk    {0.000 5.000}      10.000          100.000         


------------------------------------------------------------------------------------------------
| Intra Clock Table
| -----------------
------------------------------------------------------------------------------------------------

Clock             WNS(ns)      TNS(ns)  TNS Failing Endpoints  TNS Total Endpoints      WHS(ns)      THS(ns)  THS Failing Endpoints  THS Total Endpoints     WPWS(ns)     TPWS(ns)  TPWS Failing Endpoints  TPWS Total Endpoints  
-----             -------      -------  ---------------------  -------------------      -------      -------  ---------------------  -------------------     --------     --------  ----------------------  --------------------  
clk                 2.819        0.000                      0                   66        0.181        0.000                      0                   66        4.500        0.000                       0                    51  


------------------------------------------------------------------------------------------------
| Inter Clock Table
| -----------------
------------------------------------------------------------------------------------------------

From Clock    To Clock          WNS(ns)      TNS(ns)  TNS Failing Endpoints  TNS Total Endpoints      WHS(ns)      THS(ns)  THS Failing Endpoints  THS Total Endpoints  
----------    --------          -------      -------  ---------------------  -------------------      -------      -------  ---------------------  -------------------  


------------------------------------------------------------------------------------------------
| Other Path Groups Table
| -----------------------
------------------------------------------------------------------------------------------------

Path Group    From Clock    To Clock          WNS(ns)      TNS(ns)  TNS Failing Endpoints  TNS Total Endpoints      WHS(ns)      THS(ns)  THS Failing Endpoints  THS Total Endpoints  
----------    ----------    --------          -------      -------  ---------------------  -------------------      -------      -------  ---------------------  -------------------  


------------------------------------------------------------------------------------------------
| Timing Details
| --------------
------------------------------------------------------------------------------------------------


---------------------------------------------------------------------------------------------------
From Clock:  clk
  To Clock:  clk

Setup :            0  Failing Endpoints,  Worst Slack        2.819ns,  Total Violation        0.000ns
Hold  :            0  Failing Endpoints,  Worst Slack        0.181ns,  Total Violation        0.000ns
PW    :            0  Failing Endpoints,  Worst Slack        4.500ns,  Total Violation        0.000ns
---------------------------------------------------------------------------------------------------


Max Delay Paths
--------------------------------------------------------------------------------------
Slack (MET) :             2.819ns  (required time - arrival time)
  Source:                 r_y_curr_reg[1]/C
                            (rising edge-triggered cell FDCE clocked by clk  {rise@0.000ns fall@5.000ns period=10.000ns})
  Destination:            r_dout_reg[13]/D
                            (rising edge-triggered cell FDCE clocked by clk  {rise@0.000ns fall@5.000ns period=10.000ns})
  Path Group:             clk
  Path Type:              Setup (Max at Slow Process Corner)
  Requirement:            10.000ns  (clk rise@10.000ns - clk rise@0.000ns)
  Data Path Delay:        7.180ns  (logic 4.549ns (63.359%)  route 2.631ns (36.641%))
  Logic Levels:           11  (CARRY4=7 LUT1=1 LUT2=2 LUT4=1)
  Clock Path Skew:        -0.028ns (DCD - SCD + CPR)
    Destination Clock Delay (DCD):    4.448ns = ( 14.448 - 10.000 ) 
    Source Clock Delay      (SCD):    4.969ns
    Clock Pessimism Removal (CPR):    0.493ns
  Clock Uncertainty:      0.035ns  ((TSJ^2 + TIJ^2)^1/2 + DJ) / 2 + PE
    Total System Jitter     (TSJ):    0.071ns
    Total Input Jitter      (TIJ):    0.000ns
    Discrete Jitter          (DJ):    0.000ns
    Phase Error              (PE):    0.000ns

    Location             Delay type                Incr(ns)  Path(ns)    Netlist Resource(s)
  -------------------------------------------------------------------    -------------------
                         (clock clk rise edge)        0.000     0.000 r  
    U14                                               0.000     0.000 r  clk (IN)
                         net (fo=0)                   0.000     0.000    clk
    U14                  IBUF (Prop_ibuf_I_O)         1.046     1.046 r  clk_IBUF_inst/O
                         net (fo=1, routed)           2.076     3.122    clk_IBUF
    BUFGCTRL_X0Y0        BUFG (Prop_bufg_I_O)         0.101     3.223 r  clk_IBUF_BUFG_inst/O
                         net (fo=50, routed)          1.746     4.969    clk_IBUF_BUFG
    SLICE_X42Y16         FDCE                                         r  r_y_curr_reg[1]/C
  -------------------------------------------------------------------    -------------------
    SLICE_X42Y16         FDCE (Prop_fdce_C_Q)         0.518     5.487 f  r_y_curr_reg[1]/Q
                         net (fo=3, routed)           0.797     6.284    r_y_curr[1]
    SLICE_X39Y16         LUT1 (Prop_lut1_I0_O)        0.124     6.408 r  r_dout[11]_i_25/O
                         net (fo=1, routed)           0.000     6.408    r_dout[11]_i_25_n_0
    SLICE_X39Y16         CARRY4 (Prop_carry4_S[0]_O[2])
                                                      0.547     6.955 r  r_dout_reg[11]_i_20/O[2]
                         net (fo=1, routed)           0.594     7.549    r_dout_reg[11]_i_20_n_5
    SLICE_X42Y16         LUT2 (Prop_lut2_I1_O)        0.302     7.851 r  r_dout[7]_i_16/O
                         net (fo=1, routed)           0.000     7.851    r_dout[7]_i_16_n_0
    SLICE_X42Y16         CARRY4 (Prop_carry4_S[3]_CO[3])
                                                      0.376     8.227 r  r_dout_reg[7]_i_15/CO[3]
                         net (fo=1, routed)           0.000     8.227    r_dout_reg[7]_i_15_n_0
    SLICE_X42Y17         CARRY4 (Prop_carry4_CI_O[1])
                                                      0.323     8.550 r  r_dout_reg[11]_i_15/O[1]
                         net (fo=3, routed)           0.768     9.317    s_diff0_out[5]
    SLICE_X41Y17         LUT4 (Prop_lut4_I1_O)        0.306     9.623 r  r_dout[7]_i_13/O
                         net (fo=1, routed)           0.000     9.623    r_dout[7]_i_13_n_0
    SLICE_X41Y17         CARRY4 (Prop_carry4_S[1]_CO[3])
                                                      0.550    10.173 r  r_dout_reg[7]_i_6/CO[3]
                         net (fo=1, routed)           0.000    10.173    r_dout_reg[7]_i_6_n_0
    SLICE_X41Y18         CARRY4 (Prop_carry4_CI_O[3])
                                                      0.313    10.486 r  r_dout_reg[11]_i_6/O[3]
                         net (fo=1, routed)           0.472    10.959    s_div_res[9]
    SLICE_X40Y18         LUT2 (Prop_lut2_I1_O)        0.306    11.265 r  r_dout[11]_i_4/O
                         net (fo=1, routed)           0.000    11.265    r_dout[11]_i_4_n_0
    SLICE_X40Y18         CARRY4 (Prop_carry4_S[1]_CO[3])
                                                      0.550    11.815 r  r_dout_reg[11]_i_1/CO[3]
                         net (fo=1, routed)           0.000    11.815    r_dout_reg[11]_i_1_n_0
    SLICE_X40Y19         CARRY4 (Prop_carry4_CI_O[1])
                                                      0.334    12.149 r  r_dout_reg[15]_i_1/O[1]
                         net (fo=1, routed)           0.000    12.149    s_sum_final[13]
    SLICE_X40Y19         FDCE                                         r  r_dout_reg[13]/D
  -------------------------------------------------------------------    -------------------

                         (clock clk rise edge)       10.000    10.000 r  
    U14                                               0.000    10.000 r  clk (IN)
                         net (fo=0)                   0.000    10.000    clk
    U14                  IBUF (Prop_ibuf_I_O)         0.912    10.912 r  clk_IBUF_inst/O
                         net (fo=1, routed)           1.880    12.792    clk_IBUF
    BUFGCTRL_X0Y0        BUFG (Prop_bufg_I_O)         0.091    12.883 r  clk_IBUF_BUFG_inst/O
                         net (fo=50, routed)          1.565    14.448    clk_IBUF_BUFG
    SLICE_X40Y19         FDCE                                         r  r_dout_reg[13]/C
                         clock pessimism              0.493    14.941    
                         clock uncertainty           -0.035    14.906    
    SLICE_X40Y19         FDCE (Setup_fdce_C_D)        0.062    14.968    r_dout_reg[13]
  -------------------------------------------------------------------
                         required time                         14.968    
                         arrival time                         -12.149    
  -------------------------------------------------------------------
                         slack                                  2.819    

Slack (MET) :             2.840ns  (required time - arrival time)
  Source:                 r_y_curr_reg[1]/C
                            (rising edge-triggered cell FDCE clocked by clk  {rise@0.000ns fall@5.000ns period=10.000ns})
  Destination:            r_dout_reg[15]/D
                            (rising edge-triggered cell FDCE clocked by clk  {rise@0.000ns fall@5.000ns period=10.000ns})
  Path Group:             clk
  Path Type:              Setup (Max at Slow Process Corner)
  Requirement:            10.000ns  (clk rise@10.000ns - clk rise@0.000ns)
  Data Path Delay:        7.159ns  (logic 4.528ns (63.252%)  route 2.631ns (36.748%))
  Logic Levels:           11  (CARRY4=7 LUT1=1 LUT2=2 LUT4=1)
  Clock Path Skew:        -0.028ns (DCD - SCD + CPR)
    Destination Clock Delay (DCD):    4.448ns = ( 14.448 - 10.000 ) 
    Source Clock Delay      (SCD):    4.969ns
    Clock Pessimism Removal (CPR):    0.493ns
  Clock Uncertainty:      0.035ns  ((TSJ^2 + TIJ^2)^1/2 + DJ) / 2 + PE
    Total System Jitter     (TSJ):    0.071ns
    Total Input Jitter      (TIJ):    0.000ns
    Discrete Jitter          (DJ):    0.000ns
    Phase Error              (PE):    0.000ns

    Location             Delay type                Incr(ns)  Path(ns)    Netlist Resource(s)
  -------------------------------------------------------------------    -------------------
                         (clock clk rise edge)        0.000     0.000 r  
    U14                                               0.000     0.000 r  clk (IN)
                         net (fo=0)                   0.000     0.000    clk
    U14                  IBUF (Prop_ibuf_I_O)         1.046     1.046 r  clk_IBUF_inst/O
                         net (fo=1, routed)           2.076     3.122    clk_IBUF
    BUFGCTRL_X0Y0        BUFG (Prop_bufg_I_O)         0.101     3.223 r  clk_IBUF_BUFG_inst/O
                         net (fo=50, routed)          1.746     4.969    clk_IBUF_BUFG
    SLICE_X42Y16         FDCE                                         r  r_y_curr_reg[1]/C
  -------------------------------------------------------------------    -------------------
    SLICE_X42Y16         FDCE (Prop_fdce_C_Q)         0.518     5.487 f  r_y_curr_reg[1]/Q
                         net (fo=3, routed)           0.797     6.284    r_y_curr[1]
    SLICE_X39Y16         LUT1 (Prop_lut1_I0_O)        0.124     6.408 r  r_dout[11]_i_25/O
                         net (fo=1, routed)           0.000     6.408    r_dout[11]_i_25_n_0
    SLICE_X39Y16         CARRY4 (Prop_carry4_S[0]_O[2])
                                                      0.547     6.955 r  r_dout_reg[11]_i_20/O[2]
                         net (fo=1, routed)           0.594     7.549    r_dout_reg[11]_i_20_n_5
    SLICE_X42Y16         LUT2 (Prop_lut2_I1_O)        0.302     7.851 r  r_dout[7]_i_16/O
                         net (fo=1, routed)           0.000     7.851    r_dout[7]_i_16_n_0
    SLICE_X42Y16         CARRY4 (Prop_carry4_S[3]_CO[3])
                                                      0.376     8.227 r  r_dout_reg[7]_i_15/CO[3]
                         net (fo=1, routed)           0.000     8.227    r_dout_reg[7]_i_15_n_0
    SLICE_X42Y17         CARRY4 (Prop_carry4_CI_O[1])
                                                      0.323     8.550 r  r_dout_reg[11]_i_15/O[1]
                         net (fo=3, routed)           0.768     9.317    s_diff0_out[5]
    SLICE_X41Y17         LUT4 (Prop_lut4_I1_O)        0.306     9.623 r  r_dout[7]_i_13/O
                         net (fo=1, routed)           0.000     9.623    r_dout[7]_i_13_n_0
    SLICE_X41Y17         CARRY4 (Prop_carry4_S[1]_CO[3])
                                                      0.550    10.173 r  r_dout_reg[7]_i_6/CO[3]
                         net (fo=1, routed)           0.000    10.173    r_dout_reg[7]_i_6_n_0
    SLICE_X41Y18         CARRY4 (Prop_carry4_CI_O[3])
                                                      0.313    10.486 r  r_dout_reg[11]_i_6/O[3]
                         net (fo=1, routed)           0.472    10.959    s_div_res[9]
    SLICE_X40Y18         LUT2 (Prop_lut2_I1_O)        0.306    11.265 r  r_dout[11]_i_4/O
                         net (fo=1, routed)           0.000    11.265    r_dout[11]_i_4_n_0
    SLICE_X40Y18         CARRY4 (Prop_carry4_S[1]_CO[3])
                                                      0.550    11.815 r  r_dout_reg[11]_i_1/CO[3]
                         net (fo=1, routed)           0.000    11.815    r_dout_reg[11]_i_1_n_0
    SLICE_X40Y19         CARRY4 (Prop_carry4_CI_O[3])
                                                      0.313    12.128 r  r_dout_reg[15]_i_1/O[3]
                         net (fo=1, routed)           0.000    12.128    s_sum_final[15]
    SLICE_X40Y19         FDCE                                         r  r_dout_reg[15]/D
  -------------------------------------------------------------------    -------------------

                         (clock clk rise edge)       10.000    10.000 r  
    U14                                               0.000    10.000 r  clk (IN)
                         net (fo=0)                   0.000    10.000    clk
    U14                  IBUF (Prop_ibuf_I_O)         0.912    10.912 r  clk_IBUF_inst/O
                         net (fo=1, routed)           1.880    12.792    clk_IBUF
    BUFGCTRL_X0Y0        BUFG (Prop_bufg_I_O)         0.091    12.883 r  clk_IBUF_BUFG_inst/O
                         net (fo=50, routed)          1.565    14.448    clk_IBUF_BUFG
    SLICE_X40Y19         FDCE                                         r  r_dout_reg[15]/C
                         clock pessimism              0.493    14.941    
                         clock uncertainty           -0.035    14.906    
    SLICE_X40Y19         FDCE (Setup_fdce_C_D)        0.062    14.968    r_dout_reg[15]
  -------------------------------------------------------------------
                         required time                         14.968    
                         arrival time                         -12.128    
  -------------------------------------------------------------------
                         slack                                  2.840    

Slack (MET) :             2.914ns  (required time - arrival time)
  Source:                 r_y_curr_reg[1]/C
                            (rising edge-triggered cell FDCE clocked by clk  {rise@0.000ns fall@5.000ns period=10.000ns})
  Destination:            r_dout_reg[14]/D
                            (rising edge-triggered cell FDCE clocked by clk  {rise@0.000ns fall@5.000ns period=10.000ns})
  Path Group:             clk
  Path Type:              Setup (Max at Slow Process Corner)
  Requirement:            10.000ns  (clk rise@10.000ns - clk rise@0.000ns)
  Data Path Delay:        7.085ns  (logic 4.454ns (62.868%)  route 2.631ns (37.132%))
  Logic Levels:           11  (CARRY4=7 LUT1=1 LUT2=2 LUT4=1)
  Clock Path Skew:        -0.028ns (DCD - SCD + CPR)
    Destination Clock Delay (DCD):    4.448ns = ( 14.448 - 10.000 ) 
    Source Clock Delay      (SCD):    4.969ns
    Clock Pessimism Removal (CPR):    0.493ns
  Clock Uncertainty:      0.035ns  ((TSJ^2 + TIJ^2)^1/2 + DJ) / 2 + PE
    Total System Jitter     (TSJ):    0.071ns
    Total Input Jitter      (TIJ):    0.000ns
    Discrete Jitter          (DJ):    0.000ns
    Phase Error              (PE):    0.000ns

    Location             Delay type                Incr(ns)  Path(ns)    Netlist Resource(s)
  -------------------------------------------------------------------    -------------------
                         (clock clk rise edge)        0.000     0.000 r  
    U14                                               0.000     0.000 r  clk (IN)
                         net (fo=0)                   0.000     0.000    clk
    U14                  IBUF (Prop_ibuf_I_O)         1.046     1.046 r  clk_IBUF_inst/O
                         net (fo=1, routed)           2.076     3.122    clk_IBUF
    BUFGCTRL_X0Y0        BUFG (Prop_bufg_I_O)         0.101     3.223 r  clk_IBUF_BUFG_inst/O
                         net (fo=50, routed)          1.746     4.969    clk_IBUF_BUFG
    SLICE_X42Y16         FDCE                                         r  r_y_curr_reg[1]/C
  -------------------------------------------------------------------    -------------------
    SLICE_X42Y16         FDCE (Prop_fdce_C_Q)         0.518     5.487 f  r_y_curr_reg[1]/Q
                         net (fo=3, routed)           0.797     6.284    r_y_curr[1]
    SLICE_X39Y16         LUT1 (Prop_lut1_I0_O)        0.124     6.408 r  r_dout[11]_i_25/O
                         net (fo=1, routed)           0.000     6.408    r_dout[11]_i_25_n_0
    SLICE_X39Y16         CARRY4 (Prop_carry4_S[0]_O[2])
                                                      0.547     6.955 r  r_dout_reg[11]_i_20/O[2]
                         net (fo=1, routed)           0.594     7.549    r_dout_reg[11]_i_20_n_5
    SLICE_X42Y16         LUT2 (Prop_lut2_I1_O)        0.302     7.851 r  r_dout[7]_i_16/O
                         net (fo=1, routed)           0.000     7.851    r_dout[7]_i_16_n_0
    SLICE_X42Y16         CARRY4 (Prop_carry4_S[3]_CO[3])
                                                      0.376     8.227 r  r_dout_reg[7]_i_15/CO[3]
                         net (fo=1, routed)           0.000     8.227    r_dout_reg[7]_i_15_n_0
    SLICE_X42Y17         CARRY4 (Prop_carry4_CI_O[1])
                                                      0.323     8.550 r  r_dout_reg[11]_i_15/O[1]
                         net (fo=3, routed)           0.768     9.317    s_diff0_out[5]
    SLICE_X41Y17         LUT4 (Prop_lut4_I1_O)        0.306     9.623 r  r_dout[7]_i_13/O
                         net (fo=1, routed)           0.000     9.623    r_dout[7]_i_13_n_0
    SLICE_X41Y17         CARRY4 (Prop_carry4_S[1]_CO[3])
                                                      0.550    10.173 r  r_dout_reg[7]_i_6/CO[3]
                         net (fo=1, routed)           0.000    10.173    r_dout_reg[7]_i_6_n_0
    SLICE_X41Y18         CARRY4 (Prop_carry4_CI_O[3])
                                                      0.313    10.486 r  r_dout_reg[11]_i_6/O[3]
                         net (fo=1, routed)           0.472    10.959    s_div_res[9]
    SLICE_X40Y18         LUT2 (Prop_lut2_I1_O)        0.306    11.265 r  r_dout[11]_i_4/O
                         net (fo=1, routed)           0.000    11.265    r_dout[11]_i_4_n_0
    SLICE_X40Y18         CARRY4 (Prop_carry4_S[1]_CO[3])
                                                      0.550    11.815 r  r_dout_reg[11]_i_1/CO[3]
                         net (fo=1, routed)           0.000    11.815    r_dout_reg[11]_i_1_n_0
    SLICE_X40Y19         CARRY4 (Prop_carry4_CI_O[2])
                                                      0.239    12.054 r  r_dout_reg[15]_i_1/O[2]
                         net (fo=1, routed)           0.000    12.054    s_sum_final[14]
    SLICE_X40Y19         FDCE                                         r  r_dout_reg[14]/D
  -------------------------------------------------------------------    -------------------

                         (clock clk rise edge)       10.000    10.000 r  
    U14                                               0.000    10.000 r  clk (IN)
                         net (fo=0)                   0.000    10.000    clk
    U14                  IBUF (Prop_ibuf_I_O)         0.912    10.912 r  clk_IBUF_inst/O
                         net (fo=1, routed)           1.880    12.792    clk_IBUF
    BUFGCTRL_X0Y0        BUFG (Prop_bufg_I_O)         0.091    12.883 r  clk_IBUF_BUFG_inst/O
                         net (fo=50, routed)          1.565    14.448    clk_IBUF_BUFG
    SLICE_X40Y19         FDCE                                         r  r_dout_reg[14]/C
                         clock pessimism              0.493    14.941    
                         clock uncertainty           -0.035    14.906    
    SLICE_X40Y19         FDCE (Setup_fdce_C_D)        0.062    14.968    r_dout_reg[14]
  -------------------------------------------------------------------
                         required time                         14.968    
                         arrival time                         -12.054    
  -------------------------------------------------------------------
                         slack                                  2.914    

Slack (MET) :             2.930ns  (required time - arrival time)
  Source:                 r_y_curr_reg[1]/C
                            (rising edge-triggered cell FDCE clocked by clk  {rise@0.000ns fall@5.000ns period=10.000ns})
  Destination:            r_dout_reg[12]/D
                            (rising edge-triggered cell FDCE clocked by clk  {rise@0.000ns fall@5.000ns period=10.000ns})
  Path Group:             clk
  Path Type:              Setup (Max at Slow Process Corner)
  Requirement:            10.000ns  (clk rise@10.000ns - clk rise@0.000ns)
  Data Path Delay:        7.069ns  (logic 4.438ns (62.784%)  route 2.631ns (37.216%))
  Logic Levels:           11  (CARRY4=7 LUT1=1 LUT2=2 LUT4=1)
  Clock Path Skew:        -0.028ns (DCD - SCD + CPR)
    Destination Clock Delay (DCD):    4.448ns = ( 14.448 - 10.000 ) 
    Source Clock Delay      (SCD):    4.969ns
    Clock Pessimism Removal (CPR):    0.493ns
  Clock Uncertainty:      0.035ns  ((TSJ^2 + TIJ^2)^1/2 + DJ) / 2 + PE
    Total System Jitter     (TSJ):    0.071ns
    Total Input Jitter      (TIJ):    0.000ns
    Discrete Jitter          (DJ):    0.000ns
    Phase Error              (PE):    0.000ns

    Location             Delay type                Incr(ns)  Path(ns)    Netlist Resource(s)
  -------------------------------------------------------------------    -------------------
                         (clock clk rise edge)        0.000     0.000 r  
    U14                                               0.000     0.000 r  clk (IN)
                         net (fo=0)                   0.000     0.000    clk
    U14                  IBUF (Prop_ibuf_I_O)         1.046     1.046 r  clk_IBUF_inst/O
                         net (fo=1, routed)           2.076     3.122    clk_IBUF
    BUFGCTRL_X0Y0        BUFG (Prop_bufg_I_O)         0.101     3.223 r  clk_IBUF_BUFG_inst/O
                         net (fo=50, routed)          1.746     4.969    clk_IBUF_BUFG
    SLICE_X42Y16         FDCE                                         r  r_y_curr_reg[1]/C
  -------------------------------------------------------------------    -------------------
    SLICE_X42Y16         FDCE (Prop_fdce_C_Q)         0.518     5.487 f  r_y_curr_reg[1]/Q
                         net (fo=3, routed)           0.797     6.284    r_y_curr[1]
    SLICE_X39Y16         LUT1 (Prop_lut1_I0_O)        0.124     6.408 r  r_dout[11]_i_25/O
                         net (fo=1, routed)           0.000     6.408    r_dout[11]_i_25_n_0
    SLICE_X39Y16         CARRY4 (Prop_carry4_S[0]_O[2])
                                                      0.547     6.955 r  r_dout_reg[11]_i_20/O[2]
                         net (fo=1, routed)           0.594     7.549    r_dout_reg[11]_i_20_n_5
    SLICE_X42Y16         LUT2 (Prop_lut2_I1_O)        0.302     7.851 r  r_dout[7]_i_16/O
                         net (fo=1, routed)           0.000     7.851    r_dout[7]_i_16_n_0
    SLICE_X42Y16         CARRY4 (Prop_carry4_S[3]_CO[3])
                                                      0.376     8.227 r  r_dout_reg[7]_i_15/CO[3]
                         net (fo=1, routed)           0.000     8.227    r_dout_reg[7]_i_15_n_0
    SLICE_X42Y17         CARRY4 (Prop_carry4_CI_O[1])
                                                      0.323     8.550 r  r_dout_reg[11]_i_15/O[1]
                         net (fo=3, routed)           0.768     9.317    s_diff0_out[5]
    SLICE_X41Y17         LUT4 (Prop_lut4_I1_O)        0.306     9.623 r  r_dout[7]_i_13/O
                         net (fo=1, routed)           0.000     9.623    r_dout[7]_i_13_n_0
    SLICE_X41Y17         CARRY4 (Prop_carry4_S[1]_CO[3])
                                                      0.550    10.173 r  r_dout_reg[7]_i_6/CO[3]
                         net (fo=1, routed)           0.000    10.173    r_dout_reg[7]_i_6_n_0
    SLICE_X41Y18         CARRY4 (Prop_carry4_CI_O[3])
                                                      0.313    10.486 r  r_dout_reg[11]_i_6/O[3]
                         net (fo=1, routed)           0.472    10.959    s_div_res[9]
    SLICE_X40Y18         LUT2 (Prop_lut2_I1_O)        0.306    11.265 r  r_dout[11]_i_4/O
                         net (fo=1, routed)           0.000    11.265    r_dout[11]_i_4_n_0
    SLICE_X40Y18         CARRY4 (Prop_carry4_S[1]_CO[3])
                                                      0.550    11.815 r  r_dout_reg[11]_i_1/CO[3]
                         net (fo=1, routed)           0.000    11.815    r_dout_reg[11]_i_1_n_0
    SLICE_X40Y19         CARRY4 (Prop_carry4_CI_O[0])
                                                      0.223    12.038 r  r_dout_reg[15]_i_1/O[0]
                         net (fo=1, routed)           0.000    12.038    s_sum_final[12]
    SLICE_X40Y19         FDCE                                         r  r_dout_reg[12]/D
  -------------------------------------------------------------------    -------------------

                         (clock clk rise edge)       10.000    10.000 r  
    U14                                               0.000    10.000 r  clk (IN)
                         net (fo=0)                   0.000    10.000    clk
    U14                  IBUF (Prop_ibuf_I_O)         0.912    10.912 r  clk_IBUF_inst/O
                         net (fo=1, routed)           1.880    12.792    clk_IBUF
    BUFGCTRL_X0Y0        BUFG (Prop_bufg_I_O)         0.091    12.883 r  clk_IBUF_BUFG_inst/O
                         net (fo=50, routed)          1.565    14.448    clk_IBUF_BUFG
    SLICE_X40Y19         FDCE                                         r  r_dout_reg[12]/C
                         clock pessimism              0.493    14.941    
                         clock uncertainty           -0.035    14.906    
    SLICE_X40Y19         FDCE (Setup_fdce_C_D)        0.062    14.968    r_dout_reg[12]
  -------------------------------------------------------------------
                         required time                         14.968    
                         arrival time                         -12.038    
  -------------------------------------------------------------------
                         slack                                  2.930    

Slack (MET) :             3.003ns  (required time - arrival time)
  Source:                 r_y_curr_reg[1]/C
                            (rising edge-triggered cell FDCE clocked by clk  {rise@0.000ns fall@5.000ns period=10.000ns})
  Destination:            r_dout_reg[9]/D
                            (rising edge-triggered cell FDCE clocked by clk  {rise@0.000ns fall@5.000ns period=10.000ns})
  Path Group:             clk
  Path Type:              Setup (Max at Slow Process Corner)
  Requirement:            10.000ns  (clk rise@10.000ns - clk rise@0.000ns)
  Data Path Delay:        6.996ns  (logic 4.418ns (63.147%)  route 2.578ns (36.853%))
  Logic Levels:           11  (CARRY4=7 LUT1=1 LUT2=2 LUT4=1)
  Clock Path Skew:        -0.027ns (DCD - SCD + CPR)
    Destination Clock Delay (DCD):    4.449ns = ( 14.449 - 10.000 ) 
    Source Clock Delay      (SCD):    4.969ns
    Clock Pessimism Removal (CPR):    0.493ns
  Clock Uncertainty:      0.035ns  ((TSJ^2 + TIJ^2)^1/2 + DJ) / 2 + PE
    Total System Jitter     (TSJ):    0.071ns
    Total Input Jitter      (TIJ):    0.000ns
    Discrete Jitter          (DJ):    0.000ns
    Phase Error              (PE):    0.000ns

    Location             Delay type                Incr(ns)  Path(ns)    Netlist Resource(s)
  -------------------------------------------------------------------    -------------------
                         (clock clk rise edge)        0.000     0.000 r  
    U14                                               0.000     0.000 r  clk (IN)
                         net (fo=0)                   0.000     0.000    clk
    U14                  IBUF (Prop_ibuf_I_O)         1.046     1.046 r  clk_IBUF_inst/O
                         net (fo=1, routed)           2.076     3.122    clk_IBUF
    BUFGCTRL_X0Y0        BUFG (Prop_bufg_I_O)         0.101     3.223 r  clk_IBUF_BUFG_inst/O
                         net (fo=50, routed)          1.746     4.969    clk_IBUF_BUFG
    SLICE_X42Y16         FDCE                                         r  r_y_curr_reg[1]/C
  -------------------------------------------------------------------    -------------------
    SLICE_X42Y16         FDCE (Prop_fdce_C_Q)         0.518     5.487 f  r_y_curr_reg[1]/Q
                         net (fo=3, routed)           0.797     6.284    r_y_curr[1]
    SLICE_X39Y16         LUT1 (Prop_lut1_I0_O)        0.124     6.408 r  r_dout[11]_i_25/O
                         net (fo=1, routed)           0.000     6.408    r_dout[11]_i_25_n_0
    SLICE_X39Y16         CARRY4 (Prop_carry4_S[0]_O[2])
                                                      0.547     6.955 r  r_dout_reg[11]_i_20/O[2]
                         net (fo=1, routed)           0.594     7.549    r_dout_reg[11]_i_20_n_5
    SLICE_X42Y16         LUT2 (Prop_lut2_I1_O)        0.302     7.851 r  r_dout[7]_i_16/O
                         net (fo=1, routed)           0.000     7.851    r_dout[7]_i_16_n_0
    SLICE_X42Y16         CARRY4 (Prop_carry4_S[3]_CO[3])
                                                      0.376     8.227 r  r_dout_reg[7]_i_15/CO[3]
                         net (fo=1, routed)           0.000     8.227    r_dout_reg[7]_i_15_n_0
    SLICE_X42Y17         CARRY4 (Prop_carry4_CI_O[1])
                                                      0.323     8.550 r  r_dout_reg[11]_i_15/O[1]
                         net (fo=3, routed)           0.768     9.317    s_diff0_out[5]
    SLICE_X41Y17         LUT4 (Prop_lut4_I1_O)        0.306     9.623 r  r_dout[7]_i_13/O
                         net (fo=1, routed)           0.000     9.623    r_dout[7]_i_13_n_0
    SLICE_X41Y17         CARRY4 (Prop_carry4_S[1]_CO[3])
                                                      0.550    10.173 r  r_dout_reg[7]_i_6/CO[3]
                         net (fo=1, routed)           0.000    10.173    r_dout_reg[7]_i_6_n_0
    SLICE_X41Y18         CARRY4 (Prop_carry4_CI_O[1])
                                                      0.334    10.507 r  r_dout_reg[11]_i_6/O[1]
                         net (fo=1, routed)           0.420    10.927    s_div_res[7]
    SLICE_X40Y17         LUT2 (Prop_lut2_I1_O)        0.303    11.230 r  r_dout[7]_i_2/O
                         net (fo=1, routed)           0.000    11.230    r_dout[7]_i_2_n_0
    SLICE_X40Y17         CARRY4 (Prop_carry4_S[3]_CO[3])
                                                      0.401    11.631 r  r_dout_reg[7]_i_1/CO[3]
                         net (fo=1, routed)           0.000    11.631    r_dout_reg[7]_i_1_n_0
    SLICE_X40Y18         CARRY4 (Prop_carry4_CI_O[1])
                                                      0.334    11.965 r  r_dout_reg[11]_i_1/O[1]
                         net (fo=1, routed)           0.000    11.965    s_sum_final[9]
    SLICE_X40Y18         FDCE                                         r  r_dout_reg[9]/D
  -------------------------------------------------------------------    -------------------

                         (clock clk rise edge)       10.000    10.000 r  
    U14                                               0.000    10.000 r  clk (IN)
                         net (fo=0)                   0.000    10.000    clk
    U14                  IBUF (Prop_ibuf_I_O)         0.912    10.912 r  clk_IBUF_inst/O
                         net (fo=1, routed)           1.880    12.792    clk_IBUF
    BUFGCTRL_X0Y0        BUFG (Prop_bufg_I_O)         0.091    12.883 r  clk_IBUF_BUFG_inst/O
                         net (fo=50, routed)          1.566    14.449    clk_IBUF_BUFG
    SLICE_X40Y18         FDCE                                         r  r_dout_reg[9]/C
                         clock pessimism              0.493    14.942    
                         clock uncertainty           -0.035    14.907    
    SLICE_X40Y18         FDCE (Setup_fdce_C_D)        0.062    14.969    r_dout_reg[9]
  -------------------------------------------------------------------
                         required time                         14.969    
                         arrival time                         -11.965    
  -------------------------------------------------------------------
                         slack                                  3.003    

Slack (MET) :             3.024ns  (required time - arrival time)
  Source:                 r_y_curr_reg[1]/C
                            (rising edge-triggered cell FDCE clocked by clk  {rise@0.000ns fall@5.000ns period=10.000ns})
  Destination:            r_dout_reg[11]/D
                            (rising edge-triggered cell FDCE clocked by clk  {rise@0.000ns fall@5.000ns period=10.000ns})
  Path Group:             clk
  Path Type:              Setup (Max at Slow Process Corner)
  Requirement:            10.000ns  (clk rise@10.000ns - clk rise@0.000ns)
  Data Path Delay:        6.975ns  (logic 4.397ns (63.036%)  route 2.578ns (36.964%))
  Logic Levels:           11  (CARRY4=7 LUT1=1 LUT2=2 LUT4=1)
  Clock Path Skew:        -0.027ns (DCD - SCD + CPR)
    Destination Clock Delay (DCD):    4.449ns = ( 14.449 - 10.000 ) 
    Source Clock Delay      (SCD):    4.969ns
    Clock Pessimism Removal (CPR):    0.493ns
  Clock Uncertainty:      0.035ns  ((TSJ^2 + TIJ^2)^1/2 + DJ) / 2 + PE
    Total System Jitter     (TSJ):    0.071ns
    Total Input Jitter      (TIJ):    0.000ns
    Discrete Jitter          (DJ):    0.000ns
    Phase Error              (PE):    0.000ns

    Location             Delay type                Incr(ns)  Path(ns)    Netlist Resource(s)
  -------------------------------------------------------------------    -------------------
                         (clock clk rise edge)        0.000     0.000 r  
    U14                                               0.000     0.000 r  clk (IN)
                         net (fo=0)                   0.000     0.000    clk
    U14                  IBUF (Prop_ibuf_I_O)         1.046     1.046 r  clk_IBUF_inst/O
                         net (fo=1, routed)           2.076     3.122    clk_IBUF
    BUFGCTRL_X0Y0        BUFG (Prop_bufg_I_O)         0.101     3.223 r  clk_IBUF_BUFG_inst/O
                         net (fo=50, routed)          1.746     4.969    clk_IBUF_BUFG
    SLICE_X42Y16         FDCE                                         r  r_y_curr_reg[1]/C
  -------------------------------------------------------------------    -------------------
    SLICE_X42Y16         FDCE (Prop_fdce_C_Q)         0.518     5.487 f  r_y_curr_reg[1]/Q
                         net (fo=3, routed)           0.797     6.284    r_y_curr[1]
    SLICE_X39Y16         LUT1 (Prop_lut1_I0_O)        0.124     6.408 r  r_dout[11]_i_25/O
                         net (fo=1, routed)           0.000     6.408    r_dout[11]_i_25_n_0
    SLICE_X39Y16         CARRY4 (Prop_carry4_S[0]_O[2])
                                                      0.547     6.955 r  r_dout_reg[11]_i_20/O[2]
                         net (fo=1, routed)           0.594     7.549    r_dout_reg[11]_i_20_n_5
    SLICE_X42Y16         LUT2 (Prop_lut2_I1_O)        0.302     7.851 r  r_dout[7]_i_16/O
                         net (fo=1, routed)           0.000     7.851    r_dout[7]_i_16_n_0
    SLICE_X42Y16         CARRY4 (Prop_carry4_S[3]_CO[3])
                                                      0.376     8.227 r  r_dout_reg[7]_i_15/CO[3]
                         net (fo=1, routed)           0.000     8.227    r_dout_reg[7]_i_15_n_0
    SLICE_X42Y17         CARRY4 (Prop_carry4_CI_O[1])
                                                      0.323     8.550 r  r_dout_reg[11]_i_15/O[1]
                         net (fo=3, routed)           0.768     9.317    s_diff0_out[5]
    SLICE_X41Y17         LUT4 (Prop_lut4_I1_O)        0.306     9.623 r  r_dout[7]_i_13/O
                         net (fo=1, routed)           0.000     9.623    r_dout[7]_i_13_n_0
    SLICE_X41Y17         CARRY4 (Prop_carry4_S[1]_CO[3])
                                                      0.550    10.173 r  r_dout_reg[7]_i_6/CO[3]
                         net (fo=1, routed)           0.000    10.173    r_dout_reg[7]_i_6_n_0
    SLICE_X41Y18         CARRY4 (Prop_carry4_CI_O[1])
                                                      0.334    10.507 r  r_dout_reg[11]_i_6/O[1]
                         net (fo=1, routed)           0.420    10.927    s_div_res[7]
    SLICE_X40Y17         LUT2 (Prop_lut2_I1_O)        0.303    11.230 r  r_dout[7]_i_2/O
                         net (fo=1, routed)           0.000    11.230    r_dout[7]_i_2_n_0
    SLICE_X40Y17         CARRY4 (Prop_carry4_S[3]_CO[3])
                                                      0.401    11.631 r  r_dout_reg[7]_i_1/CO[3]
                         net (fo=1, routed)           0.000    11.631    r_dout_reg[7]_i_1_n_0
    SLICE_X40Y18         CARRY4 (Prop_carry4_CI_O[3])
                                                      0.313    11.944 r  r_dout_reg[11]_i_1/O[3]
                         net (fo=1, routed)           0.000    11.944    s_sum_final[11]
    SLICE_X40Y18         FDCE                                         r  r_dout_reg[11]/D
  -------------------------------------------------------------------    -------------------

                         (clock clk rise edge)       10.000    10.000 r  
    U14                                               0.000    10.000 r  clk (IN)
                         net (fo=0)                   0.000    10.000    clk
    U14                  IBUF (Prop_ibuf_I_O)         0.912    10.912 r  clk_IBUF_inst/O
                         net (fo=1, routed)           1.880    12.792    clk_IBUF
    BUFGCTRL_X0Y0        BUFG (Prop_bufg_I_O)         0.091    12.883 r  clk_IBUF_BUFG_inst/O
                         net (fo=50, routed)          1.566    14.449    clk_IBUF_BUFG
    SLICE_X40Y18         FDCE                                         r  r_dout_reg[11]/C
                         clock pessimism              0.493    14.942    
                         clock uncertainty           -0.035    14.907    
    SLICE_X40Y18         FDCE (Setup_fdce_C_D)        0.062    14.969    r_dout_reg[11]
  -------------------------------------------------------------------
                         required time                         14.969    
                         arrival time                         -11.944    
  -------------------------------------------------------------------
                         slack                                  3.024    

Slack (MET) :             3.098ns  (required time - arrival time)
  Source:                 r_y_curr_reg[1]/C
                            (rising edge-triggered cell FDCE clocked by clk  {rise@0.000ns fall@5.000ns period=10.000ns})
  Destination:            r_dout_reg[10]/D
                            (rising edge-triggered cell FDCE clocked by clk  {rise@0.000ns fall@5.000ns period=10.000ns})
  Path Group:             clk
  Path Type:              Setup (Max at Slow Process Corner)
  Requirement:            10.000ns  (clk rise@10.000ns - clk rise@0.000ns)
  Data Path Delay:        6.901ns  (logic 4.323ns (62.640%)  route 2.578ns (37.360%))
  Logic Levels:           11  (CARRY4=7 LUT1=1 LUT2=2 LUT4=1)
  Clock Path Skew:        -0.027ns (DCD - SCD + CPR)
    Destination Clock Delay (DCD):    4.449ns = ( 14.449 - 10.000 ) 
    Source Clock Delay      (SCD):    4.969ns
    Clock Pessimism Removal (CPR):    0.493ns
  Clock Uncertainty:      0.035ns  ((TSJ^2 + TIJ^2)^1/2 + DJ) / 2 + PE
    Total System Jitter     (TSJ):    0.071ns
    Total Input Jitter      (TIJ):    0.000ns
    Discrete Jitter          (DJ):    0.000ns
    Phase Error              (PE):    0.000ns

    Location             Delay type                Incr(ns)  Path(ns)    Netlist Resource(s)
  -------------------------------------------------------------------    -------------------
                         (clock clk rise edge)        0.000     0.000 r  
    U14                                               0.000     0.000 r  clk (IN)
                         net (fo=0)                   0.000     0.000    clk
    U14                  IBUF (Prop_ibuf_I_O)         1.046     1.046 r  clk_IBUF_inst/O
                         net (fo=1, routed)           2.076     3.122    clk_IBUF
    BUFGCTRL_X0Y0        BUFG (Prop_bufg_I_O)         0.101     3.223 r  clk_IBUF_BUFG_inst/O
                         net (fo=50, routed)          1.746     4.969    clk_IBUF_BUFG
    SLICE_X42Y16         FDCE                                         r  r_y_curr_reg[1]/C
  -------------------------------------------------------------------    -------------------
    SLICE_X42Y16         FDCE (Prop_fdce_C_Q)         0.518     5.487 f  r_y_curr_reg[1]/Q
                         net (fo=3, routed)           0.797     6.284    r_y_curr[1]
    SLICE_X39Y16         LUT1 (Prop_lut1_I0_O)        0.124     6.408 r  r_dout[11]_i_25/O
                         net (fo=1, routed)           0.000     6.408    r_dout[11]_i_25_n_0
    SLICE_X39Y16         CARRY4 (Prop_carry4_S[0]_O[2])
                                                      0.547     6.955 r  r_dout_reg[11]_i_20/O[2]
                         net (fo=1, routed)           0.594     7.549    r_dout_reg[11]_i_20_n_5
    SLICE_X42Y16         LUT2 (Prop_lut2_I1_O)        0.302     7.851 r  r_dout[7]_i_16/O
                         net (fo=1, routed)           0.000     7.851    r_dout[7]_i_16_n_0
    SLICE_X42Y16         CARRY4 (Prop_carry4_S[3]_CO[3])
                                                      0.376     8.227 r  r_dout_reg[7]_i_15/CO[3]
                         net (fo=1, routed)           0.000     8.227    r_dout_reg[7]_i_15_n_0
    SLICE_X42Y17         CARRY4 (Prop_carry4_CI_O[1])
                                                      0.323     8.550 r  r_dout_reg[11]_i_15/O[1]
                         net (fo=3, routed)           0.768     9.317    s_diff0_out[5]
    SLICE_X41Y17         LUT4 (Prop_lut4_I1_O)        0.306     9.623 r  r_dout[7]_i_13/O
                         net (fo=1, routed)           0.000     9.623    r_dout[7]_i_13_n_0
    SLICE_X41Y17         CARRY4 (Prop_carry4_S[1]_CO[3])
                                                      0.550    10.173 r  r_dout_reg[7]_i_6/CO[3]
                         net (fo=1, routed)           0.000    10.173    r_dout_reg[7]_i_6_n_0
    SLICE_X41Y18         CARRY4 (Prop_carry4_CI_O[1])
                                                      0.334    10.507 r  r_dout_reg[11]_i_6/O[1]
                         net (fo=1, routed)           0.420    10.927    s_div_res[7]
    SLICE_X40Y17         LUT2 (Prop_lut2_I1_O)        0.303    11.230 r  r_dout[7]_i_2/O
                         net (fo=1, routed)           0.000    11.230    r_dout[7]_i_2_n_0
    SLICE_X40Y17         CARRY4 (Prop_carry4_S[3]_CO[3])
                                                      0.401    11.631 r  r_dout_reg[7]_i_1/CO[3]
                         net (fo=1, routed)           0.000    11.631    r_dout_reg[7]_i_1_n_0
    SLICE_X40Y18         CARRY4 (Prop_carry4_CI_O[2])
                                                      0.239    11.870 r  r_dout_reg[11]_i_1/O[2]
                         net (fo=1, routed)           0.000    11.870    s_sum_final[10]
    SLICE_X40Y18         FDCE                                         r  r_dout_reg[10]/D
  -------------------------------------------------------------------    -------------------

                         (clock clk rise edge)       10.000    10.000 r  
    U14                                               0.000    10.000 r  clk (IN)
                         net (fo=0)                   0.000    10.000    clk
    U14                  IBUF (Prop_ibuf_I_O)         0.912    10.912 r  clk_IBUF_inst/O
                         net (fo=1, routed)           1.880    12.792    clk_IBUF
    BUFGCTRL_X0Y0        BUFG (Prop_bufg_I_O)         0.091    12.883 r  clk_IBUF_BUFG_inst/O
                         net (fo=50, routed)          1.566    14.449    clk_IBUF_BUFG
    SLICE_X40Y18         FDCE                                         r  r_dout_reg[10]/C
                         clock pessimism              0.493    14.942    
                         clock uncertainty           -0.035    14.907    
    SLICE_X40Y18         FDCE (Setup_fdce_C_D)        0.062    14.969    r_dout_reg[10]
  -------------------------------------------------------------------
                         required time                         14.969    
                         arrival time                         -11.870    
  -------------------------------------------------------------------
                         slack                                  3.098    

Slack (MET) :             3.114ns  (required time - arrival time)
  Source:                 r_y_curr_reg[1]/C
                            (rising edge-triggered cell FDCE clocked by clk  {rise@0.000ns fall@5.000ns period=10.000ns})
  Destination:            r_dout_reg[8]/D
                            (rising edge-triggered cell FDCE clocked by clk  {rise@0.000ns fall@5.000ns period=10.000ns})
  Path Group:             clk
  Path Type:              Setup (Max at Slow Process Corner)
  Requirement:            10.000ns  (clk rise@10.000ns - clk rise@0.000ns)
  Data Path Delay:        6.885ns  (logic 4.307ns (62.553%)  route 2.578ns (37.447%))
  Logic Levels:           11  (CARRY4=7 LUT1=1 LUT2=2 LUT4=1)
  Clock Path Skew:        -0.027ns (DCD - SCD + CPR)
    Destination Clock Delay (DCD):    4.449ns = ( 14.449 - 10.000 ) 
    Source Clock Delay      (SCD):    4.969ns
    Clock Pessimism Removal (CPR):    0.493ns
  Clock Uncertainty:      0.035ns  ((TSJ^2 + TIJ^2)^1/2 + DJ) / 2 + PE
    Total System Jitter     (TSJ):    0.071ns
    Total Input Jitter      (TIJ):    0.000ns
    Discrete Jitter          (DJ):    0.000ns
    Phase Error              (PE):    0.000ns

    Location             Delay type                Incr(ns)  Path(ns)    Netlist Resource(s)
  -------------------------------------------------------------------    -------------------
                         (clock clk rise edge)        0.000     0.000 r  
    U14                                               0.000     0.000 r  clk (IN)
                         net (fo=0)                   0.000     0.000    clk
    U14                  IBUF (Prop_ibuf_I_O)         1.046     1.046 r  clk_IBUF_inst/O
                         net (fo=1, routed)           2.076     3.122    clk_IBUF
    BUFGCTRL_X0Y0        BUFG (Prop_bufg_I_O)         0.101     3.223 r  clk_IBUF_BUFG_inst/O
                         net (fo=50, routed)          1.746     4.969    clk_IBUF_BUFG
    SLICE_X42Y16         FDCE                                         r  r_y_curr_reg[1]/C
  -------------------------------------------------------------------    -------------------
    SLICE_X42Y16         FDCE (Prop_fdce_C_Q)         0.518     5.487 f  r_y_curr_reg[1]/Q
                         net (fo=3, routed)           0.797     6.284    r_y_curr[1]
    SLICE_X39Y16         LUT1 (Prop_lut1_I0_O)        0.124     6.408 r  r_dout[11]_i_25/O
                         net (fo=1, routed)           0.000     6.408    r_dout[11]_i_25_n_0
    SLICE_X39Y16         CARRY4 (Prop_carry4_S[0]_O[2])
                                                      0.547     6.955 r  r_dout_reg[11]_i_20/O[2]
                         net (fo=1, routed)           0.594     7.549    r_dout_reg[11]_i_20_n_5
    SLICE_X42Y16         LUT2 (Prop_lut2_I1_O)        0.302     7.851 r  r_dout[7]_i_16/O
                         net (fo=1, routed)           0.000     7.851    r_dout[7]_i_16_n_0
    SLICE_X42Y16         CARRY4 (Prop_carry4_S[3]_CO[3])
                                                      0.376     8.227 r  r_dout_reg[7]_i_15/CO[3]
                         net (fo=1, routed)           0.000     8.227    r_dout_reg[7]_i_15_n_0
    SLICE_X42Y17         CARRY4 (Prop_carry4_CI_O[1])
                                                      0.323     8.550 r  r_dout_reg[11]_i_15/O[1]
                         net (fo=3, routed)           0.768     9.317    s_diff0_out[5]
    SLICE_X41Y17         LUT4 (Prop_lut4_I1_O)        0.306     9.623 r  r_dout[7]_i_13/O
                         net (fo=1, routed)           0.000     9.623    r_dout[7]_i_13_n_0
    SLICE_X41Y17         CARRY4 (Prop_carry4_S[1]_CO[3])
                                                      0.550    10.173 r  r_dout_reg[7]_i_6/CO[3]
                         net (fo=1, routed)           0.000    10.173    r_dout_reg[7]_i_6_n_0
    SLICE_X41Y18         CARRY4 (Prop_carry4_CI_O[1])
                                                      0.334    10.507 r  r_dout_reg[11]_i_6/O[1]
                         net (fo=1, routed)           0.420    10.927    s_div_res[7]
    SLICE_X40Y17         LUT2 (Prop_lut2_I1_O)        0.303    11.230 r  r_dout[7]_i_2/O
                         net (fo=1, routed)           0.000    11.230    r_dout[7]_i_2_n_0
    SLICE_X40Y17         CARRY4 (Prop_carry4_S[3]_CO[3])
                                                      0.401    11.631 r  r_dout_reg[7]_i_1/CO[3]
                         net (fo=1, routed)           0.000    11.631    r_dout_reg[7]_i_1_n_0
    SLICE_X40Y18         CARRY4 (Prop_carry4_CI_O[0])
                                                      0.223    11.854 r  r_dout_reg[11]_i_1/O[0]
                         net (fo=1, routed)           0.000    11.854    s_sum_final[8]
    SLICE_X40Y18         FDCE                                         r  r_dout_reg[8]/D
  -------------------------------------------------------------------    -------------------

                         (clock clk rise edge)       10.000    10.000 r  
    U14                                               0.000    10.000 r  clk (IN)
                         net (fo=0)                   0.000    10.000    clk
    U14                  IBUF (Prop_ibuf_I_O)         0.912    10.912 r  clk_IBUF_inst/O
                         net (fo=1, routed)           1.880    12.792    clk_IBUF
    BUFGCTRL_X0Y0        BUFG (Prop_bufg_I_O)         0.091    12.883 r  clk_IBUF_BUFG_inst/O
                         net (fo=50, routed)          1.566    14.449    clk_IBUF_BUFG
    SLICE_X40Y18         FDCE                                         r  r_dout_reg[8]/C
                         clock pessimism              0.493    14.942    
                         clock uncertainty           -0.035    14.907    
    SLICE_X40Y18         FDCE (Setup_fdce_C_D)        0.062    14.969    r_dout_reg[8]
  -------------------------------------------------------------------
                         required time                         14.969    
                         arrival time                         -11.854    
  -------------------------------------------------------------------
                         slack                                  3.114    

Slack (MET) :             3.289ns  (required time - arrival time)
  Source:                 r_y_curr_reg[1]/C
                            (rising edge-triggered cell FDCE clocked by clk  {rise@0.000ns fall@5.000ns period=10.000ns})
  Destination:            r_dout_reg[7]/D
                            (rising edge-triggered cell FDCE clocked by clk  {rise@0.000ns fall@5.000ns period=10.000ns})
  Path Group:             clk
  Path Type:              Setup (Max at Slow Process Corner)
  Requirement:            10.000ns  (clk rise@10.000ns - clk rise@0.000ns)
  Data Path Delay:        6.713ns  (logic 4.082ns (60.810%)  route 2.631ns (39.190%))
  Logic Levels:           9  (CARRY4=5 LUT1=1 LUT2=2 LUT4=1)
  Clock Path Skew:        -0.025ns (DCD - SCD + CPR)
    Destination Clock Delay (DCD):    4.451ns = ( 14.451 - 10.000 ) 
    Source Clock Delay      (SCD):    4.969ns
    Clock Pessimism Removal (CPR):    0.493ns
  Clock Uncertainty:      0.035ns  ((TSJ^2 + TIJ^2)^1/2 + DJ) / 2 + PE
    Total System Jitter     (TSJ):    0.071ns
    Total Input Jitter      (TIJ):    0.000ns
    Discrete Jitter          (DJ):    0.000ns
    Phase Error              (PE):    0.000ns

    Location             Delay type                Incr(ns)  Path(ns)    Netlist Resource(s)
  -------------------------------------------------------------------    -------------------
                         (clock clk rise edge)        0.000     0.000 r  
    U14                                               0.000     0.000 r  clk (IN)
                         net (fo=0)                   0.000     0.000    clk
    U14                  IBUF (Prop_ibuf_I_O)         1.046     1.046 r  clk_IBUF_inst/O
                         net (fo=1, routed)           2.076     3.122    clk_IBUF
    BUFGCTRL_X0Y0        BUFG (Prop_bufg_I_O)         0.101     3.223 r  clk_IBUF_BUFG_inst/O
                         net (fo=50, routed)          1.746     4.969    clk_IBUF_BUFG
    SLICE_X42Y16         FDCE                                         r  r_y_curr_reg[1]/C
  -------------------------------------------------------------------    -------------------
    SLICE_X42Y16         FDCE (Prop_fdce_C_Q)         0.518     5.487 f  r_y_curr_reg[1]/Q
                         net (fo=3, routed)           0.797     6.284    r_y_curr[1]
    SLICE_X39Y16         LUT1 (Prop_lut1_I0_O)        0.124     6.408 r  r_dout[11]_i_25/O
                         net (fo=1, routed)           0.000     6.408    r_dout[11]_i_25_n_0
    SLICE_X39Y16         CARRY4 (Prop_carry4_S[0]_O[2])
                                                      0.547     6.955 r  r_dout_reg[11]_i_20/O[2]
                         net (fo=1, routed)           0.594     7.549    r_dout_reg[11]_i_20_n_5
    SLICE_X42Y16         LUT2 (Prop_lut2_I1_O)        0.302     7.851 r  r_dout[7]_i_16/O
                         net (fo=1, routed)           0.000     7.851    r_dout[7]_i_16_n_0
    SLICE_X42Y16         CARRY4 (Prop_carry4_S[3]_CO[3])
                                                      0.376     8.227 r  r_dout_reg[7]_i_15/CO[3]
                         net (fo=1, routed)           0.000     8.227    r_dout_reg[7]_i_15_n_0
    SLICE_X42Y17         CARRY4 (Prop_carry4_CI_O[1])
                                                      0.323     8.550 r  r_dout_reg[11]_i_15/O[1]
                         net (fo=3, routed)           0.768     9.317    s_diff0_out[5]
    SLICE_X41Y17         LUT4 (Prop_lut4_I1_O)        0.306     9.623 r  r_dout[7]_i_13/O
                         net (fo=1, routed)           0.000     9.623    r_dout[7]_i_13_n_0
    SLICE_X41Y17         CARRY4 (Prop_carry4_S[1]_O[3])
                                                      0.640    10.263 r  r_dout_reg[7]_i_6/O[3]
                         net (fo=1, routed)           0.472    10.736    s_div_res[5]
    SLICE_X40Y17         LUT2 (Prop_lut2_I1_O)        0.306    11.042 r  r_dout[7]_i_4/O
                         net (fo=1, routed)           0.000    11.042    r_dout[7]_i_4_n_0
    SLICE_X40Y17         CARRY4 (Prop_carry4_S[1]_O[3])
                                                      0.640    11.682 r  r_dout_reg[7]_i_1/O[3]
                         net (fo=1, routed)           0.000    11.682    s_sum_final[7]
    SLICE_X40Y17         FDCE                                         r  r_dout_reg[7]/D
  -------------------------------------------------------------------    -------------------

                         (clock clk rise edge)       10.000    10.000 r  
    U14                                               0.000    10.000 r  clk (IN)
                         net (fo=0)                   0.000    10.000    clk
    U14                  IBUF (Prop_ibuf_I_O)         0.912    10.912 r  clk_IBUF_inst/O
                         net (fo=1, routed)           1.880    12.792    clk_IBUF
    BUFGCTRL_X0Y0        BUFG (Prop_bufg_I_O)         0.091    12.883 r  clk_IBUF_BUFG_inst/O
                         net (fo=50, routed)          1.568    14.451    clk_IBUF_BUFG
    SLICE_X40Y17         FDCE                                         r  r_dout_reg[7]/C
                         clock pessimism              0.493    14.944    
                         clock uncertainty           -0.035    14.909    
    SLICE_X40Y17         FDCE (Setup_fdce_C_D)        0.062    14.971    r_dout_reg[7]
  -------------------------------------------------------------------
                         required time                         14.971    
                         arrival time                         -11.682    
  -------------------------------------------------------------------
                         slack                                  3.289    

Slack (MET) :             3.349ns  (required time - arrival time)
  Source:                 r_y_curr_reg[1]/C
                            (rising edge-triggered cell FDCE clocked by clk  {rise@0.000ns fall@5.000ns period=10.000ns})
  Destination:            r_dout_reg[6]/D
                            (rising edge-triggered cell FDCE clocked by clk  {rise@0.000ns fall@5.000ns period=10.000ns})
  Path Group:             clk
  Path Type:              Setup (Max at Slow Process Corner)
  Requirement:            10.000ns  (clk rise@10.000ns - clk rise@0.000ns)
  Data Path Delay:        6.653ns  (logic 4.022ns (60.457%)  route 2.631ns (39.543%))
  Logic Levels:           9  (CARRY4=5 LUT1=1 LUT2=2 LUT4=1)
  Clock Path Skew:        -0.025ns (DCD - SCD + CPR)
    Destination Clock Delay (DCD):    4.451ns = ( 14.451 - 10.000 ) 
    Source Clock Delay      (SCD):    4.969ns
    Clock Pessimism Removal (CPR):    0.493ns
  Clock Uncertainty:      0.035ns  ((TSJ^2 + TIJ^2)^1/2 + DJ) / 2 + PE
    Total System Jitter     (TSJ):    0.071ns
    Total Input Jitter      (TIJ):    0.000ns
    Discrete Jitter          (DJ):    0.000ns
    Phase Error              (PE):    0.000ns

    Location             Delay type                Incr(ns)  Path(ns)    Netlist Resource(s)
  -------------------------------------------------------------------    -------------------
                         (clock clk rise edge)        0.000     0.000 r  
    U14                                               0.000     0.000 r  clk (IN)
                         net (fo=0)                   0.000     0.000    clk
    U14                  IBUF (Prop_ibuf_I_O)         1.046     1.046 r  clk_IBUF_inst/O
                         net (fo=1, routed)           2.076     3.122    clk_IBUF
    BUFGCTRL_X0Y0        BUFG (Prop_bufg_I_O)         0.101     3.223 r  clk_IBUF_BUFG_inst/O
                         net (fo=50, routed)          1.746     4.969    clk_IBUF_BUFG
    SLICE_X42Y16         FDCE                                         r  r_y_curr_reg[1]/C
  -------------------------------------------------------------------    -------------------
    SLICE_X42Y16         FDCE (Prop_fdce_C_Q)         0.518     5.487 f  r_y_curr_reg[1]/Q
                         net (fo=3, routed)           0.797     6.284    r_y_curr[1]
    SLICE_X39Y16         LUT1 (Prop_lut1_I0_O)        0.124     6.408 r  r_dout[11]_i_25/O
                         net (fo=1, routed)           0.000     6.408    r_dout[11]_i_25_n_0
    SLICE_X39Y16         CARRY4 (Prop_carry4_S[0]_O[2])
                                                      0.547     6.955 r  r_dout_reg[11]_i_20/O[2]
                         net (fo=1, routed)           0.594     7.549    r_dout_reg[11]_i_20_n_5
    SLICE_X42Y16         LUT2 (Prop_lut2_I1_O)        0.302     7.851 r  r_dout[7]_i_16/O
                         net (fo=1, routed)           0.000     7.851    r_dout[7]_i_16_n_0
    SLICE_X42Y16         CARRY4 (Prop_carry4_S[3]_CO[3])
                                                      0.376     8.227 r  r_dout_reg[7]_i_15/CO[3]
                         net (fo=1, routed)           0.000     8.227    r_dout_reg[7]_i_15_n_0
    SLICE_X42Y17         CARRY4 (Prop_carry4_CI_O[1])
                                                      0.323     8.550 r  r_dout_reg[11]_i_15/O[1]
                         net (fo=3, routed)           0.768     9.317    s_diff0_out[5]
    SLICE_X41Y17         LUT4 (Prop_lut4_I1_O)        0.306     9.623 r  r_dout[7]_i_13/O
                         net (fo=1, routed)           0.000     9.623    r_dout[7]_i_13_n_0
    SLICE_X41Y17         CARRY4 (Prop_carry4_S[1]_O[3])
                                                      0.640    10.263 r  r_dout_reg[7]_i_6/O[3]
                         net (fo=1, routed)           0.472    10.736    s_div_res[5]
    SLICE_X40Y17         LUT2 (Prop_lut2_I1_O)        0.306    11.042 r  r_dout[7]_i_4/O
                         net (fo=1, routed)           0.000    11.042    r_dout[7]_i_4_n_0
    SLICE_X40Y17         CARRY4 (Prop_carry4_S[1]_O[2])
                                                      0.580    11.622 r  r_dout_reg[7]_i_1/O[2]
                         net (fo=1, routed)           0.000    11.622    s_sum_final[6]
    SLICE_X40Y17         FDCE                                         r  r_dout_reg[6]/D
  -------------------------------------------------------------------    -------------------

                         (clock clk rise edge)       10.000    10.000 r  
    U14                                               0.000    10.000 r  clk (IN)
                         net (fo=0)                   0.000    10.000    clk
    U14                  IBUF (Prop_ibuf_I_O)         0.912    10.912 r  clk_IBUF_inst/O
                         net (fo=1, routed)           1.880    12.792    clk_IBUF
    BUFGCTRL_X0Y0        BUFG (Prop_bufg_I_O)         0.091    12.883 r  clk_IBUF_BUFG_inst/O
                         net (fo=50, routed)          1.568    14.451    clk_IBUF_BUFG
    SLICE_X40Y17         FDCE                                         r  r_dout_reg[6]/C
                         clock pessimism              0.493    14.944    
                         clock uncertainty           -0.035    14.909    
    SLICE_X40Y17         FDCE (Setup_fdce_C_D)        0.062    14.971    r_dout_reg[6]
  -------------------------------------------------------------------
                         required time                         14.971    
                         arrival time                         -11.622    
  -------------------------------------------------------------------
                         slack                                  3.349    





Min Delay Paths
--------------------------------------------------------------------------------------
Slack (MET) :             0.181ns  (arrival time - required time)
  Source:                 r_y_next_reg[6]/C
                            (rising edge-triggered cell FDCE clocked by clk  {rise@0.000ns fall@5.000ns period=10.000ns})
  Destination:            r_y_curr_reg[6]/D
                            (rising edge-triggered cell FDCE clocked by clk  {rise@0.000ns fall@5.000ns period=10.000ns})
  Path Group:             clk
  Path Type:              Hold (Min at Fast Process Corner)
  Requirement:            0.000ns  (clk rise@0.000ns - clk rise@0.000ns)
  Data Path Delay:        0.265ns  (logic 0.141ns (53.159%)  route 0.124ns (46.841%))
  Logic Levels:           0  
  Clock Path Skew:        0.014ns (DCD - SCD - CPR)
    Destination Clock Delay (DCD):    2.029ns
    Source Clock Delay      (SCD):    1.513ns
    Clock Pessimism Removal (CPR):    0.502ns

    Location             Delay type                Incr(ns)  Path(ns)    Netlist Resource(s)
  -------------------------------------------------------------------    -------------------
                         (clock clk rise edge)        0.000     0.000 r  
    U14                                               0.000     0.000 r  clk (IN)
                         net (fo=0)                   0.000     0.000    clk
    U14                  IBUF (Prop_ibuf_I_O)         0.274     0.274 r  clk_IBUF_inst/O
                         net (fo=1, routed)           0.627     0.901    clk_IBUF
    BUFGCTRL_X0Y0        BUFG (Prop_bufg_I_O)         0.026     0.927 r  clk_IBUF_BUFG_inst/O
                         net (fo=50, routed)          0.586     1.513    clk_IBUF_BUFG
    SLICE_X43Y17         FDCE                                         r  r_y_next_reg[6]/C
  -------------------------------------------------------------------    -------------------
    SLICE_X43Y17         FDCE (Prop_fdce_C_Q)         0.141     1.654 r  r_y_next_reg[6]/Q
                         net (fo=3, routed)           0.124     1.778    r_y_next_reg_n_0_[6]
    SLICE_X41Y17         FDCE                                         r  r_y_curr_reg[6]/D
  -------------------------------------------------------------------    -------------------

                         (clock clk rise edge)        0.000     0.000 r  
    U14                                               0.000     0.000 r  clk (IN)
                         net (fo=0)                   0.000     0.000    clk
    U14                  IBUF (Prop_ibuf_I_O)         0.464     0.464 r  clk_IBUF_inst/O
                         net (fo=1, routed)           0.683     1.147    clk_IBUF
    BUFGCTRL_X0Y0        BUFG (Prop_bufg_I_O)         0.029     1.176 r  clk_IBUF_BUFG_inst/O
                         net (fo=50, routed)          0.853     2.029    clk_IBUF_BUFG
    SLICE_X41Y17         FDCE                                         r  r_y_curr_reg[6]/C
                         clock pessimism             -0.502     1.527    
    SLICE_X41Y17         FDCE (Hold_fdce_C_D)         0.070     1.597    r_y_curr_reg[6]
  -------------------------------------------------------------------
                         required time                         -1.597    
                         arrival time                           1.778    
  -------------------------------------------------------------------
                         slack                                  0.181    

Slack (MET) :             0.185ns  (arrival time - required time)
  Source:                 r_y_next_reg[15]/C
                            (rising edge-triggered cell FDCE clocked by clk  {rise@0.000ns fall@5.000ns period=10.000ns})
  Destination:            r_y_curr_reg[15]/D
                            (rising edge-triggered cell FDCE clocked by clk  {rise@0.000ns fall@5.000ns period=10.000ns})
  Path Group:             clk
  Path Type:              Hold (Min at Fast Process Corner)
  Requirement:            0.000ns  (clk rise@0.000ns - clk rise@0.000ns)
  Data Path Delay:        0.267ns  (logic 0.141ns (52.747%)  route 0.126ns (47.253%))
  Logic Levels:           0  
  Clock Path Skew:        0.012ns (DCD - SCD - CPR)
    Destination Clock Delay (DCD):    2.027ns
    Source Clock Delay      (SCD):    1.513ns
    Clock Pessimism Removal (CPR):    0.502ns

    Location             Delay type                Incr(ns)  Path(ns)    Netlist Resource(s)
  -------------------------------------------------------------------    -------------------
                         (clock clk rise edge)        0.000     0.000 r  
    U14                                               0.000     0.000 r  clk (IN)
                         net (fo=0)                   0.000     0.000    clk
    U14                  IBUF (Prop_ibuf_I_O)         0.274     0.274 r  clk_IBUF_inst/O
                         net (fo=1, routed)           0.627     0.901    clk_IBUF
    BUFGCTRL_X0Y0        BUFG (Prop_bufg_I_O)         0.026     0.927 r  clk_IBUF_BUFG_inst/O
                         net (fo=50, routed)          0.586     1.513    clk_IBUF_BUFG
    SLICE_X43Y17         FDCE                                         r  r_y_next_reg[15]/C
  -------------------------------------------------------------------    -------------------
    SLICE_X43Y17         FDCE (Prop_fdce_C_Q)         0.141     1.654 r  r_y_next_reg[15]/Q
                         net (fo=2, routed)           0.126     1.780    r_y_next_reg_n_0_[15]
    SLICE_X43Y19         FDCE                                         r  r_y_curr_reg[15]/D
  -------------------------------------------------------------------    -------------------

                         (clock clk rise edge)        0.000     0.000 r  
    U14                                               0.000     0.000 r  clk (IN)
                         net (fo=0)                   0.000     0.000    clk
    U14                  IBUF (Prop_ibuf_I_O)         0.464     0.464 r  clk_IBUF_inst/O
                         net (fo=1, routed)           0.683     1.147    clk_IBUF
    BUFGCTRL_X0Y0        BUFG (Prop_bufg_I_O)         0.029     1.176 r  clk_IBUF_BUFG_inst/O
                         net (fo=50, routed)          0.851     2.027    clk_IBUF_BUFG
    SLICE_X43Y19         FDCE                                         r  r_y_curr_reg[15]/C
                         clock pessimism             -0.502     1.525    
    SLICE_X43Y19         FDCE (Hold_fdce_C_D)         0.070     1.595    r_y_curr_reg[15]
  -------------------------------------------------------------------
                         required time                         -1.595    
                         arrival time                           1.780    
  -------------------------------------------------------------------
                         slack                                  0.185    

Slack (MET) :             0.190ns  (arrival time - required time)
  Source:                 r_y_next_reg[3]/C
                            (rising edge-triggered cell FDCE clocked by clk  {rise@0.000ns fall@5.000ns period=10.000ns})
  Destination:            r_y_curr_reg[3]/D
                            (rising edge-triggered cell FDCE clocked by clk  {rise@0.000ns fall@5.000ns period=10.000ns})
  Path Group:             clk
  Path Type:              Hold (Min at Fast Process Corner)
  Requirement:            0.000ns  (clk rise@0.000ns - clk rise@0.000ns)
  Data Path Delay:        0.266ns  (logic 0.141ns (52.916%)  route 0.125ns (47.084%))
  Logic Levels:           0  
  Clock Path Skew:        0.013ns (DCD - SCD - CPR)
    Destination Clock Delay (DCD):    2.030ns
    Source Clock Delay      (SCD):    1.515ns
    Clock Pessimism Removal (CPR):    0.502ns

    Location             Delay type                Incr(ns)  Path(ns)    Netlist Resource(s)
  -------------------------------------------------------------------    -------------------
                         (clock clk rise edge)        0.000     0.000 r  
    U14                                               0.000     0.000 r  clk (IN)
                         net (fo=0)                   0.000     0.000    clk
    U14                  IBUF (Prop_ibuf_I_O)         0.274     0.274 r  clk_IBUF_inst/O
                         net (fo=1, routed)           0.627     0.901    clk_IBUF
    BUFGCTRL_X0Y0        BUFG (Prop_bufg_I_O)         0.026     0.927 r  clk_IBUF_BUFG_inst/O
                         net (fo=50, routed)          0.588     1.515    clk_IBUF_BUFG
    SLICE_X43Y14         FDCE                                         r  r_y_next_reg[3]/C
  -------------------------------------------------------------------    -------------------
    SLICE_X43Y14         FDCE (Prop_fdce_C_Q)         0.141     1.656 r  r_y_next_reg[3]/Q
                         net (fo=3, routed)           0.125     1.781    r_y_next_reg_n_0_[3]
    SLICE_X42Y16         FDCE                                         r  r_y_curr_reg[3]/D
  -------------------------------------------------------------------    -------------------

                         (clock clk rise edge)        0.000     0.000 r  
    U14                                               0.000     0.000 r  clk (IN)
                         net (fo=0)                   0.000     0.000    clk
    U14                  IBUF (Prop_ibuf_I_O)         0.464     0.464 r  clk_IBUF_inst/O
                         net (fo=1, routed)           0.683     1.147    clk_IBUF
    BUFGCTRL_X0Y0        BUFG (Prop_bufg_I_O)         0.029     1.176 r  clk_IBUF_BUFG_inst/O
                         net (fo=50, routed)          0.854     2.030    clk_IBUF_BUFG
    SLICE_X42Y16         FDCE                                         r  r_y_curr_reg[3]/C
                         clock pessimism             -0.502     1.528    
    SLICE_X42Y16         FDCE (Hold_fdce_C_D)         0.063     1.591    r_y_curr_reg[3]
  -------------------------------------------------------------------
                         required time                         -1.591    
                         arrival time                           1.781    
  -------------------------------------------------------------------
                         slack                                  0.190    

Slack (MET) :             0.203ns  (arrival time - required time)
  Source:                 r_y_curr_reg[11]/C
                            (rising edge-triggered cell FDCE clocked by clk  {rise@0.000ns fall@5.000ns period=10.000ns})
  Destination:            r_dout_reg[11]/D
                            (rising edge-triggered cell FDCE clocked by clk  {rise@0.000ns fall@5.000ns period=10.000ns})
  Path Group:             clk
  Path Type:              Hold (Min at Fast Process Corner)
  Requirement:            0.000ns  (clk rise@0.000ns - clk rise@0.000ns)
  Data Path Delay:        0.321ns  (logic 0.249ns (77.662%)  route 0.072ns (22.338%))
  Logic Levels:           2  (CARRY4=1 LUT2=1)
  Clock Path Skew:        0.013ns (DCD - SCD - CPR)
    Destination Clock Delay (DCD):    2.028ns
    Source Clock Delay      (SCD):    1.512ns
    Clock Pessimism Removal (CPR):    0.503ns

    Location             Delay type                Incr(ns)  Path(ns)    Netlist Resource(s)
  -------------------------------------------------------------------    -------------------
                         (clock clk rise edge)        0.000     0.000 r  
    U14                                               0.000     0.000 r  clk (IN)
                         net (fo=0)                   0.000     0.000    clk
    U14                  IBUF (Prop_ibuf_I_O)         0.274     0.274 r  clk_IBUF_inst/O
                         net (fo=1, routed)           0.627     0.901    clk_IBUF
    BUFGCTRL_X0Y0        BUFG (Prop_bufg_I_O)         0.026     0.927 r  clk_IBUF_BUFG_inst/O
                         net (fo=50, routed)          0.585     1.512    clk_IBUF_BUFG
    SLICE_X41Y18         FDCE                                         r  r_y_curr_reg[11]/C
  -------------------------------------------------------------------    -------------------
    SLICE_X41Y18         FDCE (Prop_fdce_C_Q)         0.141     1.653 r  r_y_curr_reg[11]/Q
                         net (fo=3, routed)           0.072     1.724    r_y_curr[11]
    SLICE_X40Y18         LUT2 (Prop_lut2_I0_O)        0.045     1.769 r  r_dout[11]_i_2/O
                         net (fo=1, routed)           0.000     1.769    r_dout[11]_i_2_n_0
    SLICE_X40Y18         CARRY4 (Prop_carry4_S[3]_O[3])
                                                      0.063     1.832 r  r_dout_reg[11]_i_1/O[3]
                         net (fo=1, routed)           0.000     1.832    s_sum_final[11]
    SLICE_X40Y18         FDCE                                         r  r_dout_reg[11]/D
  -------------------------------------------------------------------    -------------------

                         (clock clk rise edge)        0.000     0.000 r  
    U14                                               0.000     0.000 r  clk (IN)
                         net (fo=0)                   0.000     0.000    clk
    U14                  IBUF (Prop_ibuf_I_O)         0.464     0.464 r  clk_IBUF_inst/O
                         net (fo=1, routed)           0.683     1.147    clk_IBUF
    BUFGCTRL_X0Y0        BUFG (Prop_bufg_I_O)         0.029     1.176 r  clk_IBUF_BUFG_inst/O
                         net (fo=50, routed)          0.852     2.028    clk_IBUF_BUFG
    SLICE_X40Y18         FDCE                                         r  r_dout_reg[11]/C
                         clock pessimism             -0.503     1.525    
    SLICE_X40Y18         FDCE (Hold_fdce_C_D)         0.105     1.630    r_dout_reg[11]
  -------------------------------------------------------------------
                         required time                         -1.630    
                         arrival time                           1.832    
  -------------------------------------------------------------------
                         slack                                  0.203    

Slack (MET) :             0.209ns  (arrival time - required time)
  Source:                 r_y_curr_reg[8]/C
                            (rising edge-triggered cell FDCE clocked by clk  {rise@0.000ns fall@5.000ns period=10.000ns})
  Destination:            r_dout_reg[8]/D
                            (rising edge-triggered cell FDCE clocked by clk  {rise@0.000ns fall@5.000ns period=10.000ns})
  Path Group:             clk
  Path Type:              Hold (Min at Fast Process Corner)
  Requirement:            0.000ns  (clk rise@0.000ns - clk rise@0.000ns)
  Data Path Delay:        0.327ns  (logic 0.256ns (78.364%)  route 0.071ns (21.637%))
  Logic Levels:           2  (CARRY4=1 LUT2=1)
  Clock Path Skew:        0.013ns (DCD - SCD - CPR)
    Destination Clock Delay (DCD):    2.028ns
    Source Clock Delay      (SCD):    1.512ns
    Clock Pessimism Removal (CPR):    0.503ns

    Location             Delay type                Incr(ns)  Path(ns)    Netlist Resource(s)
  -------------------------------------------------------------------    -------------------
                         (clock clk rise edge)        0.000     0.000 r  
    U14                                               0.000     0.000 r  clk (IN)
                         net (fo=0)                   0.000     0.000    clk
    U14                  IBUF (Prop_ibuf_I_O)         0.274     0.274 r  clk_IBUF_inst/O
                         net (fo=1, routed)           0.627     0.901    clk_IBUF
    BUFGCTRL_X0Y0        BUFG (Prop_bufg_I_O)         0.026     0.927 r  clk_IBUF_BUFG_inst/O
                         net (fo=50, routed)          0.585     1.512    clk_IBUF_BUFG
    SLICE_X41Y18         FDCE                                         r  r_y_curr_reg[8]/C
  -------------------------------------------------------------------    -------------------
    SLICE_X41Y18         FDCE (Prop_fdce_C_Q)         0.141     1.653 r  r_y_curr_reg[8]/Q
                         net (fo=3, routed)           0.071     1.723    r_y_curr[8]
    SLICE_X40Y18         LUT2 (Prop_lut2_I0_O)        0.045     1.768 r  r_dout[11]_i_5/O
                         net (fo=1, routed)           0.000     1.768    r_dout[11]_i_5_n_0
    SLICE_X40Y18         CARRY4 (Prop_carry4_S[0]_O[0])
                                                      0.070     1.838 r  r_dout_reg[11]_i_1/O[0]
                         net (fo=1, routed)           0.000     1.838    s_sum_final[8]
    SLICE_X40Y18         FDCE                                         r  r_dout_reg[8]/D
  -------------------------------------------------------------------    -------------------

                         (clock clk rise edge)        0.000     0.000 r  
    U14                                               0.000     0.000 r  clk (IN)
                         net (fo=0)                   0.000     0.000    clk
    U14                  IBUF (Prop_ibuf_I_O)         0.464     0.464 r  clk_IBUF_inst/O
                         net (fo=1, routed)           0.683     1.147    clk_IBUF
    BUFGCTRL_X0Y0        BUFG (Prop_bufg_I_O)         0.029     1.176 r  clk_IBUF_BUFG_inst/O
                         net (fo=50, routed)          0.852     2.028    clk_IBUF_BUFG
    SLICE_X40Y18         FDCE                                         r  r_dout_reg[8]/C
                         clock pessimism             -0.503     1.525    
    SLICE_X40Y18         FDCE (Hold_fdce_C_D)         0.105     1.630    r_dout_reg[8]
  -------------------------------------------------------------------
                         required time                         -1.630    
                         arrival time                           1.838    
  -------------------------------------------------------------------
                         slack                                  0.209    

Slack (MET) :             0.229ns  (arrival time - required time)
  Source:                 r_y_next_reg[12]/C
                            (rising edge-triggered cell FDCE clocked by clk  {rise@0.000ns fall@5.000ns period=10.000ns})
  Destination:            r_y_curr_reg[12]/D
                            (rising edge-triggered cell FDCE clocked by clk  {rise@0.000ns fall@5.000ns period=10.000ns})
  Path Group:             clk
  Path Type:              Hold (Min at Fast Process Corner)
  Requirement:            0.000ns  (clk rise@0.000ns - clk rise@0.000ns)
  Data Path Delay:        0.310ns  (logic 0.141ns (45.412%)  route 0.169ns (54.588%))
  Logic Levels:           0  
  Clock Path Skew:        0.011ns (DCD - SCD - CPR)
    Destination Clock Delay (DCD):    2.027ns
    Source Clock Delay      (SCD):    1.514ns
    Clock Pessimism Removal (CPR):    0.502ns

    Location             Delay type                Incr(ns)  Path(ns)    Netlist Resource(s)
  -------------------------------------------------------------------    -------------------
                         (clock clk rise edge)        0.000     0.000 r  
    U14                                               0.000     0.000 r  clk (IN)
                         net (fo=0)                   0.000     0.000    clk
    U14                  IBUF (Prop_ibuf_I_O)         0.274     0.274 r  clk_IBUF_inst/O
                         net (fo=1, routed)           0.627     0.901    clk_IBUF
    BUFGCTRL_X0Y0        BUFG (Prop_bufg_I_O)         0.026     0.927 r  clk_IBUF_BUFG_inst/O
                         net (fo=50, routed)          0.587     1.514    clk_IBUF_BUFG
    SLICE_X43Y16         FDCE                                         r  r_y_next_reg[12]/C
  -------------------------------------------------------------------    -------------------
    SLICE_X43Y16         FDCE (Prop_fdce_C_Q)         0.141     1.655 r  r_y_next_reg[12]/Q
                         net (fo=3, routed)           0.169     1.824    r_y_next_reg_n_0_[12]
    SLICE_X41Y19         FDCE                                         r  r_y_curr_reg[12]/D
  -------------------------------------------------------------------    -------------------

                         (clock clk rise edge)        0.000     0.000 r  
    U14                                               0.000     0.000 r  clk (IN)
                         net (fo=0)                   0.000     0.000    clk
    U14                  IBUF (Prop_ibuf_I_O)         0.464     0.464 r  clk_IBUF_inst/O
                         net (fo=1, routed)           0.683     1.147    clk_IBUF
    BUFGCTRL_X0Y0        BUFG (Prop_bufg_I_O)         0.029     1.176 r  clk_IBUF_BUFG_inst/O
                         net (fo=50, routed)          0.851     2.027    clk_IBUF_BUFG
    SLICE_X41Y19         FDCE                                         r  r_y_curr_reg[12]/C
                         clock pessimism             -0.502     1.525    
    SLICE_X41Y19         FDCE (Hold_fdce_C_D)         0.070     1.595    r_y_curr_reg[12]
  -------------------------------------------------------------------
                         required time                         -1.595    
                         arrival time                           1.824    
  -------------------------------------------------------------------
                         slack                                  0.229    

Slack (MET) :             0.245ns  (arrival time - required time)
  Source:                 r_y_curr_reg[8]/C
                            (rising edge-triggered cell FDCE clocked by clk  {rise@0.000ns fall@5.000ns period=10.000ns})
  Destination:            r_dout_reg[9]/D
                            (rising edge-triggered cell FDCE clocked by clk  {rise@0.000ns fall@5.000ns period=10.000ns})
  Path Group:             clk
  Path Type:              Hold (Min at Fast Process Corner)
  Requirement:            0.000ns  (clk rise@0.000ns - clk rise@0.000ns)
  Data Path Delay:        0.363ns  (logic 0.292ns (80.511%)  route 0.071ns (19.489%))
  Logic Levels:           2  (CARRY4=1 LUT2=1)
  Clock Path Skew:        0.013ns (DCD - SCD - CPR)
    Destination Clock Delay (DCD):    2.028ns
    Source Clock Delay      (SCD):    1.512ns
    Clock Pessimism Removal (CPR):    0.503ns

    Location             Delay type                Incr(ns)  Path(ns)    Netlist Resource(s)
  -------------------------------------------------------------------    -------------------
                         (clock clk rise edge)        0.000     0.000 r  
    U14                                               0.000     0.000 r  clk (IN)
                         net (fo=0)                   0.000     0.000    clk
    U14                  IBUF (Prop_ibuf_I_O)         0.274     0.274 r  clk_IBUF_inst/O
                         net (fo=1, routed)           0.627     0.901    clk_IBUF
    BUFGCTRL_X0Y0        BUFG (Prop_bufg_I_O)         0.026     0.927 r  clk_IBUF_BUFG_inst/O
                         net (fo=50, routed)          0.585     1.512    clk_IBUF_BUFG
    SLICE_X41Y18         FDCE                                         r  r_y_curr_reg[8]/C
  -------------------------------------------------------------------    -------------------
    SLICE_X41Y18         FDCE (Prop_fdce_C_Q)         0.141     1.653 r  r_y_curr_reg[8]/Q
                         net (fo=3, routed)           0.071     1.723    r_y_curr[8]
    SLICE_X40Y18         LUT2 (Prop_lut2_I0_O)        0.045     1.768 r  r_dout[11]_i_5/O
                         net (fo=1, routed)           0.000     1.768    r_dout[11]_i_5_n_0
    SLICE_X40Y18         CARRY4 (Prop_carry4_S[0]_O[1])
                                                      0.106     1.874 r  r_dout_reg[11]_i_1/O[1]
                         net (fo=1, routed)           0.000     1.874    s_sum_final[9]
    SLICE_X40Y18         FDCE                                         r  r_dout_reg[9]/D
  -------------------------------------------------------------------    -------------------

                         (clock clk rise edge)        0.000     0.000 r  
    U14                                               0.000     0.000 r  clk (IN)
                         net (fo=0)                   0.000     0.000    clk
    U14                  IBUF (Prop_ibuf_I_O)         0.464     0.464 r  clk_IBUF_inst/O
                         net (fo=1, routed)           0.683     1.147    clk_IBUF
    BUFGCTRL_X0Y0        BUFG (Prop_bufg_I_O)         0.029     1.176 r  clk_IBUF_BUFG_inst/O
                         net (fo=50, routed)          0.852     2.028    clk_IBUF_BUFG
    SLICE_X40Y18         FDCE                                         r  r_dout_reg[9]/C
                         clock pessimism             -0.503     1.525    
    SLICE_X40Y18         FDCE (Hold_fdce_C_D)         0.105     1.630    r_dout_reg[9]
  -------------------------------------------------------------------
                         required time                         -1.630    
                         arrival time                           1.874    
  -------------------------------------------------------------------
                         slack                                  0.245    

Slack (MET) :             0.246ns  (arrival time - required time)
  Source:                 r_y_next_reg[2]/C
                            (rising edge-triggered cell FDCE clocked by clk  {rise@0.000ns fall@5.000ns period=10.000ns})
  Destination:            r_y_curr_reg[2]/D
                            (rising edge-triggered cell FDCE clocked by clk  {rise@0.000ns fall@5.000ns period=10.000ns})
  Path Group:             clk
  Path Type:              Hold (Min at Fast Process Corner)
  Requirement:            0.000ns  (clk rise@0.000ns - clk rise@0.000ns)
  Data Path Delay:        0.322ns  (logic 0.141ns (43.738%)  route 0.181ns (56.262%))
  Logic Levels:           0  
  Clock Path Skew:        0.013ns (DCD - SCD - CPR)
    Destination Clock Delay (DCD):    2.030ns
    Source Clock Delay      (SCD):    1.514ns
    Clock Pessimism Removal (CPR):    0.503ns

    Location             Delay type                Incr(ns)  Path(ns)    Netlist Resource(s)
  -------------------------------------------------------------------    -------------------
                         (clock clk rise edge)        0.000     0.000 r  
    U14                                               0.000     0.000 r  clk (IN)
                         net (fo=0)                   0.000     0.000    clk
    U14                  IBUF (Prop_ibuf_I_O)         0.274     0.274 r  clk_IBUF_inst/O
                         net (fo=1, routed)           0.627     0.901    clk_IBUF
    BUFGCTRL_X0Y0        BUFG (Prop_bufg_I_O)         0.026     0.927 r  clk_IBUF_BUFG_inst/O
                         net (fo=50, routed)          0.587     1.514    clk_IBUF_BUFG
    SLICE_X43Y16         FDCE                                         r  r_y_next_reg[2]/C
  -------------------------------------------------------------------    -------------------
    SLICE_X43Y16         FDCE (Prop_fdce_C_Q)         0.141     1.655 r  r_y_next_reg[2]/Q
                         net (fo=3, routed)           0.181     1.836    r_y_next_reg_n_0_[2]
    SLICE_X42Y16         FDCE                                         r  r_y_curr_reg[2]/D
  -------------------------------------------------------------------    -------------------

                         (clock clk rise edge)        0.000     0.000 r  
    U14                                               0.000     0.000 r  clk (IN)
                         net (fo=0)                   0.000     0.000    clk
    U14                  IBUF (Prop_ibuf_I_O)         0.464     0.464 r  clk_IBUF_inst/O
                         net (fo=1, routed)           0.683     1.147    clk_IBUF
    BUFGCTRL_X0Y0        BUFG (Prop_bufg_I_O)         0.029     1.176 r  clk_IBUF_BUFG_inst/O
                         net (fo=50, routed)          0.854     2.030    clk_IBUF_BUFG
    SLICE_X42Y16         FDCE                                         r  r_y_curr_reg[2]/C
                         clock pessimism             -0.503     1.527    
    SLICE_X42Y16         FDCE (Hold_fdce_C_D)         0.063     1.590    r_y_curr_reg[2]
  -------------------------------------------------------------------
                         required time                         -1.590    
                         arrival time                           1.836    
  -------------------------------------------------------------------
                         slack                                  0.246    

Slack (MET) :             0.254ns  (arrival time - required time)
  Source:                 r_y_next_reg[1]/C
                            (rising edge-triggered cell FDCE clocked by clk  {rise@0.000ns fall@5.000ns period=10.000ns})
  Destination:            r_y_curr_reg[1]/D
                            (rising edge-triggered cell FDCE clocked by clk  {rise@0.000ns fall@5.000ns period=10.000ns})
  Path Group:             clk
  Path Type:              Hold (Min at Fast Process Corner)
  Requirement:            0.000ns  (clk rise@0.000ns - clk rise@0.000ns)
  Data Path Delay:        0.319ns  (logic 0.141ns (44.190%)  route 0.178ns (55.810%))
  Logic Levels:           0  
  Clock Path Skew:        0.013ns (DCD - SCD - CPR)
    Destination Clock Delay (DCD):    2.030ns
    Source Clock Delay      (SCD):    1.515ns
    Clock Pessimism Removal (CPR):    0.502ns

    Location             Delay type                Incr(ns)  Path(ns)    Netlist Resource(s)
  -------------------------------------------------------------------    -------------------
                         (clock clk rise edge)        0.000     0.000 r  
    U14                                               0.000     0.000 r  clk (IN)
                         net (fo=0)                   0.000     0.000    clk
    U14                  IBUF (Prop_ibuf_I_O)         0.274     0.274 r  clk_IBUF_inst/O
                         net (fo=1, routed)           0.627     0.901    clk_IBUF
    BUFGCTRL_X0Y0        BUFG (Prop_bufg_I_O)         0.026     0.927 r  clk_IBUF_BUFG_inst/O
                         net (fo=50, routed)          0.588     1.515    clk_IBUF_BUFG
    SLICE_X43Y14         FDCE                                         r  r_y_next_reg[1]/C
  -------------------------------------------------------------------    -------------------
    SLICE_X43Y14         FDCE (Prop_fdce_C_Q)         0.141     1.656 r  r_y_next_reg[1]/Q
                         net (fo=3, routed)           0.178     1.834    r_y_next_reg_n_0_[1]
    SLICE_X42Y16         FDCE                                         r  r_y_curr_reg[1]/D
  -------------------------------------------------------------------    -------------------

                         (clock clk rise edge)        0.000     0.000 r  
    U14                                               0.000     0.000 r  clk (IN)
                         net (fo=0)                   0.000     0.000    clk
    U14                  IBUF (Prop_ibuf_I_O)         0.464     0.464 r  clk_IBUF_inst/O
                         net (fo=1, routed)           0.683     1.147    clk_IBUF
    BUFGCTRL_X0Y0        BUFG (Prop_bufg_I_O)         0.029     1.176 r  clk_IBUF_BUFG_inst/O
                         net (fo=50, routed)          0.854     2.030    clk_IBUF_BUFG
    SLICE_X42Y16         FDCE                                         r  r_y_curr_reg[1]/C
                         clock pessimism             -0.502     1.528    
    SLICE_X42Y16         FDCE (Hold_fdce_C_D)         0.052     1.580    r_y_curr_reg[1]
  -------------------------------------------------------------------
                         required time                         -1.580    
                         arrival time                           1.834    
  -------------------------------------------------------------------
                         slack                                  0.254    

Slack (MET) :             0.259ns  (arrival time - required time)
  Source:                 r_y_curr_reg[4]/C
                            (rising edge-triggered cell FDCE clocked by clk  {rise@0.000ns fall@5.000ns period=10.000ns})
  Destination:            r_dout_reg[4]/D
                            (rising edge-triggered cell FDCE clocked by clk  {rise@0.000ns fall@5.000ns period=10.000ns})
  Path Group:             clk
  Path Type:              Hold (Min at Fast Process Corner)
  Requirement:            0.000ns  (clk rise@0.000ns - clk rise@0.000ns)
  Data Path Delay:        0.377ns  (logic 0.256ns (67.880%)  route 0.121ns (32.120%))
  Logic Levels:           2  (CARRY4=1 LUT2=1)
  Clock Path Skew:        0.013ns (DCD - SCD - CPR)
    Destination Clock Delay (DCD):    2.029ns
    Source Clock Delay      (SCD):    1.513ns
    Clock Pessimism Removal (CPR):    0.503ns

    Location             Delay type                Incr(ns)  Path(ns)    Netlist Resource(s)
  -------------------------------------------------------------------    -------------------
                         (clock clk rise edge)        0.000     0.000 r  
    U14                                               0.000     0.000 r  clk (IN)
                         net (fo=0)                   0.000     0.000    clk
    U14                  IBUF (Prop_ibuf_I_O)         0.274     0.274 r  clk_IBUF_inst/O
                         net (fo=1, routed)           0.627     0.901    clk_IBUF
    BUFGCTRL_X0Y0        BUFG (Prop_bufg_I_O)         0.026     0.927 r  clk_IBUF_BUFG_inst/O
                         net (fo=50, routed)          0.586     1.513    clk_IBUF_BUFG
    SLICE_X41Y17         FDCE                                         r  r_y_curr_reg[4]/C
  -------------------------------------------------------------------    -------------------
    SLICE_X41Y17         FDCE (Prop_fdce_C_Q)         0.141     1.654 r  r_y_curr_reg[4]/Q
                         net (fo=3, routed)           0.121     1.775    r_y_curr[4]
    SLICE_X40Y17         LUT2 (Prop_lut2_I0_O)        0.045     1.820 r  r_dout[7]_i_5/O
                         net (fo=1, routed)           0.000     1.820    r_dout[7]_i_5_n_0
    SLICE_X40Y17         CARRY4 (Prop_carry4_S[0]_O[0])
                                                      0.070     1.890 r  r_dout_reg[7]_i_1/O[0]
                         net (fo=1, routed)           0.000     1.890    s_sum_final[4]
    SLICE_X40Y17         FDCE                                         r  r_dout_reg[4]/D
  -------------------------------------------------------------------    -------------------

                         (clock clk rise edge)        0.000     0.000 r  
    U14                                               0.000     0.000 r  clk (IN)
                         net (fo=0)                   0.000     0.000    clk
    U14                  IBUF (Prop_ibuf_I_O)         0.464     0.464 r  clk_IBUF_inst/O
                         net (fo=1, routed)           0.683     1.147    clk_IBUF
    BUFGCTRL_X0Y0        BUFG (Prop_bufg_I_O)         0.029     1.176 r  clk_IBUF_BUFG_inst/O
                         net (fo=50, routed)          0.853     2.029    clk_IBUF_BUFG
    SLICE_X40Y17         FDCE                                         r  r_dout_reg[4]/C
                         clock pessimism             -0.503     1.526    
    SLICE_X40Y17         FDCE (Hold_fdce_C_D)         0.105     1.631    r_dout_reg[4]
  -------------------------------------------------------------------
                         required time                         -1.631    
                         arrival time                           1.890    
  -------------------------------------------------------------------
                         slack                                  0.259    





Pulse Width Checks
--------------------------------------------------------------------------------------
Clock Name:         clk
Waveform(ns):       { 0.000 5.000 }
Period(ns):         10.000
Sources:            { clk }

Check Type        Corner  Lib Pin  Reference Pin  Required(ns)  Actual(ns)  Slack(ns)  Location       Pin
Min Period        n/a     BUFG/I   n/a            2.155         10.000      7.845      BUFGCTRL_X0Y0  clk_IBUF_BUFG_inst/I
Min Period        n/a     FDCE/C   n/a            1.000         10.000      9.000      SLICE_X41Y15   r_counter_reg[0]/C
Min Period        n/a     FDCE/C   n/a            1.000         10.000      9.000      SLICE_X41Y15   r_counter_reg[1]/C
Min Period        n/a     FDCE/C   n/a            1.000         10.000      9.000      SLICE_X40Y16   r_dout_reg[0]/C
Min Period        n/a     FDCE/C   n/a            1.000         10.000      9.000      SLICE_X40Y18   r_dout_reg[10]/C
Min Period        n/a     FDCE/C   n/a            1.000         10.000      9.000      SLICE_X40Y18   r_dout_reg[11]/C
Min Period        n/a     FDCE/C   n/a            1.000         10.000      9.000      SLICE_X40Y19   r_dout_reg[12]/C
Min Period        n/a     FDCE/C   n/a            1.000         10.000      9.000      SLICE_X40Y19   r_dout_reg[13]/C
Min Period        n/a     FDCE/C   n/a            1.000         10.000      9.000      SLICE_X40Y19   r_dout_reg[14]/C
Min Period        n/a     FDCE/C   n/a            1.000         10.000      9.000      SLICE_X40Y19   r_dout_reg[15]/C
Low Pulse Width   Fast    FDCE/C   n/a            0.500         5.000       4.500      SLICE_X41Y15   r_counter_reg[0]/C
Low Pulse Width   Fast    FDCE/C   n/a            0.500         5.000       4.500      SLICE_X41Y15   r_counter_reg[1]/C
Low Pulse Width   Slow    FDCE/C   n/a            0.500         5.000       4.500      SLICE_X40Y18   r_dout_reg[10]/C
Low Pulse Width   Slow    FDCE/C   n/a            0.500         5.000       4.500      SLICE_X40Y18   r_dout_reg[11]/C
Low Pulse Width   Fast    FDCE/C   n/a            0.500         5.000       4.500      SLICE_X40Y19   r_dout_reg[12]/C
Low Pulse Width   Fast    FDCE/C   n/a            0.500         5.000       4.500      SLICE_X40Y19   r_dout_reg[13]/C
Low Pulse Width   Fast    FDCE/C   n/a            0.500         5.000       4.500      SLICE_X40Y19   r_dout_reg[14]/C
Low Pulse Width   Fast    FDCE/C   n/a            0.500         5.000       4.500      SLICE_X40Y19   r_dout_reg[15]/C
Low Pulse Width   Slow    FDCE/C   n/a            0.500         5.000       4.500      SLICE_X40Y18   r_dout_reg[8]/C
Low Pulse Width   Slow    FDCE/C   n/a            0.500         5.000       4.500      SLICE_X40Y18   r_dout_reg[9]/C
High Pulse Width  Slow    FDCE/C   n/a            0.500         5.000       4.500      SLICE_X40Y17   r_dout_reg[4]/C
High Pulse Width  Slow    FDCE/C   n/a            0.500         5.000       4.500      SLICE_X40Y17   r_dout_reg[5]/C
High Pulse Width  Slow    FDCE/C   n/a            0.500         5.000       4.500      SLICE_X40Y17   r_dout_reg[6]/C
High Pulse Width  Slow    FDCE/C   n/a            0.500         5.000       4.500      SLICE_X40Y17   r_dout_reg[7]/C
High Pulse Width  Slow    FDCE/C   n/a            0.500         5.000       4.500      SLICE_X41Y17   r_y_curr_reg[4]/C
High Pulse Width  Slow    FDCE/C   n/a            0.500         5.000       4.500      SLICE_X41Y17   r_y_curr_reg[5]/C
High Pulse Width  Slow    FDCE/C   n/a            0.500         5.000       4.500      SLICE_X41Y17   r_y_curr_reg[6]/C
High Pulse Width  Slow    FDCE/C   n/a            0.500         5.000       4.500      SLICE_X41Y17   r_y_curr_reg[7]/C
High Pulse Width  Slow    FDCE/C   n/a            0.500         5.000       4.500      SLICE_X43Y17   r_y_next_reg[15]/C
High Pulse Width  Slow    FDCE/C   n/a            0.500         5.000       4.500      SLICE_X43Y17   r_y_next_reg[6]/C



